IDBANK;IDPROD;Libellé;T1 1992;T2 1992;T3 1992;T4 1992;T1 1993;T2 1993;T3 1993;T4 1993;T1 1994;T2 1994;T3 1994;T4 1994;T1 1995;T2 1995;T3 1995;T4 1995;T1 1996;T2 1996;T3 1996;T4 1996;T1 1997;T2 1997;T3 1997;T4 1997;T1 1998;T2 1998;T3 1998;T4 1998;T1 1999;T2 1999;T3 1999;T4 1999;T1 2000;T2 2000;T3 2000;T4 2000;T1 2001;T2 2001;T3 2001;T4 2001;T1 2002;T2 2002;T3 2002;T4 2002;T1 2003;T2 2003;T3 2003;T4 2003;T1 2004;T2 2004;T3 2004;T4 2004;T1 2005;T2 2005;T3 2005;T4 2005;T1 2006;T2 2006;T3 2006;T4 2006;T1 2007;T2 2007;T3 2007;T4 2007;T1 2008;T2 2008;T3 2008;T4 2008;T1 2009;T2 2009;T3 2009;T4 2009;T1 2010;T2 2010;T3 2010;T4 2010;T1 2011;T2 2011;T3 2011;T4 2011;T1 2012;T2 2012;T3 2012;T4 2012;T1 2013;T2 2013;T3 2013;T4 2013;T1 2014;T2 2014;T3 2014;T4 2014;T1 2015;T2 2015;T3 2015;T4 2015;T1 2016;T2 2016;T3 2016;T4 2016;T1 2017;T2 2017;T3 2017;T4 2017;T1 2018;T2 2018;T3 2018;T4 2018;T1 2019;T2 2019;T3 2019;T4 2019;T1 2020;T2 2020;T3 2020;T4 2020;T1 2021;T2 2021
Données brutes en base 100 en moyenne en 2015;;;;;;;;;;;;;;;;;;;;;;;;;;;;;;;;;;;;;;;;;;;;;;;;;;;;;;;;;;;;;;;;;;;;;;;;;;;;;;;;;;;;;;;;;;;;;;;;;;;;;;;;;;;;;;;;;;;;;;;;
;;France hors Mayotte (données brutes en base 100 en moyenne en 2015);;;;;;;;;;;;;;;;;;;;;;;;;;;;;;;;;;;;;;;;;;;;;;;;;;;;;;;;;;;;;;;;;;;;;;;;;;;;;;;;;;;;;;;;;;;;;;;;;;;;;;;;;;;;;;;;;;;;;;
010567118;IPLA-FE-E-BRUT-2015;France hors Mayotte - Ensemble;;;;;;;;;;;;;;;;;;;;;;;;;;;;;;;;;;;;;;;;;;;;;;;;;;;;;;;;;;;;;;;;;;;;;;;;;97,1;99,2;102,4;103,6;104,0;106,2;108,7;107,4;105,9;105,9;106,9;105,1;103,8;103,6;104,4;103,1;101,8;102,1;102,9;100,5;99,4;99,5;101,0;100,1;99,7;100,1;102,3;101,6;102,2;103,2;105,6;104,9;105,1;106,1;108,7;108,3;108,3;109,4;112,2;112,3;113,7;115,6;118,1;119,6;120,5;122,4
010567116;IPLA-FE-A-BRUT-2015;France hors Mayotte - Appartements;;;;;;;;;;;;;;;;;;;;;;;;;;;;;;;;;;;;;;;;;;;;;;;;;;;;;;;;;;;;;;;;;;;;;;;;;93,1;95,4;98,9;100,7;101,9;104,9;107,6;107,0;105,7;105,9;106,7;105,4;104,1;103,9;104,9;103,6;102,6;102,5;102,8;101,1;99,7;99,5;100,8;100,0;99,3;100,0;101,7;101,6;102,3;103,7;106,3;106,0;106,1;107,1;109,8;109,6;110,1;111,7;114,2;115,4;117,2;119,5;121,8;122,7;123,2;125,0
010567120;IPLA-FE-M-BRUT-2015;France hors Mayotte - Maisons;;;;;;;;;;;;;;;;;;;;;;;;;;;;;;;;;;;;;;;;;;;;;;;;;;;;;;;;;;;;;;;;;;;;;;;;;100,3;102,2;105,0;105,8;105,6;107,2;109,5;107,6;106,0;105,9;107,0;104,8;103,5;103,3;104,0;102,7;101,2;101,8;102,9;100,1;99,1;99,4;101,2;100,2;100,0;100,2;102,8;101,6;102,1;102,8;105,2;104,2;104,4;105,4;108,0;107,4;107,0;107,8;110,7;110,2;111,2;112,8;115,4;117,3;118,5;120,6
;;;;;;;;;;;;;;;;;;;;;;;;;;;;;;;;;;;;;;;;;;;;;;;;;;;;;;;;;;;;;;;;;;;;;;;;;;;;;;;;;;;;;;;;;;;;;;;;;;;;;;;;;;;;;;;;;;;;;;;;
;;France métropolitaine (données brutes en base 100 en moyenne en 2015);;;;;;;;;;;;;;;;;;;;;;;;;;;;;;;;;;;;;;;;;;;;;;;;;;;;;;;;;;;;;;;;;;;;;;;;;;;;;;;;;;;;;;;;;;;;;;;;;;;;;;;;;;;;;;;;;;;;;;
010567058;IPLA-FM-E-BRUT-2015;France métropolitaine - Ensemble;;;;;;;;;;;;;;;;;40,8;41,3;42,1;41,9;40,3;41,5;41,9;41,7;41,0;42,0;43,0;42,8;43,4;44,5;46,3;46,4;47,1;48,6;50,4;50,2;50,9;52,5;54,2;54,2;54,7;56,6;59,2;59,7;60,9;63,3;66,1;67,4;69,6;72,5;76,3;78,1;80,4;83,9;88,1;89,7;91,9;94,7;98,0;98,7;99,4;101,2;103,6;104,4;103,7;103,7;104,2;100,4;96,0;94,3;96,1;96,3;97,2;99,2;102,4;103,6;104,0;106,2;108,7;107,4;105,9;106,0;106,9;105,2;103,8;103,6;104,4;103,2;101,9;102,2;102,9;100,6;99,4;99,5;101,0;100,1;99,7;100,1;102,3;101,6;102,1;103,2;105,7;104,9;105,2;106,1;108,8;108,3;108,3;109,4;112,2;112,4;113,7;115,7;118,1;119,6;120,5;122,4
010567056;IPLA-FM-A-BRUT-2015;France métropolitaine - Appartements;;;;;;;;;;;;;;;;;38,8;38,8;39,0;38,7;37,4;37,8;37,3;37,2;36,6;37,2;37,9;37,9;38,3;39,0;40,5;40,8;41,5;42,7;44,1;44,2;44,9;46,1;47,4;47,8;48,2;50,0;52,2;53,2;54,3;56,7;59,3;60,6;63,0;65,8;69,3;71,3;73,4;76,9;80,8;82,5;84,8;87,3;90,3;91,1;91,6;93,2;95,6;96,8;96,6;97,0;97,7;95,0;91,3;89,4;91,2;91,8;93,1;95,3;98,9;100,7;101,9;104,9;107,6;107,0;105,7;105,9;106,7;105,4;104,1;103,9;104,9;103,6;102,6;102,5;102,8;101,1;99,8;99,5;100,8;100,0;99,3;100,0;101,7;101,6;102,3;103,7;106,3;106,0;106,2;107,2;109,9;109,6;110,2;111,8;114,3;115,4;117,3;119,6;121,8;122,8;123,2;125,1
010567060;IPLA-FM-M-BRUT-2015;France métropolitaine - Maisons;;;;;;;;;;;;;;;;;42,1;43,1;44,6;44,5;42,5;44,8;46,1;45,9;44,9;46,3;47,7;47,3;48,0;49,4;51,7;51,4;52,3;53,9;56,2;55,7;56,4;58,5;60,5;60,0;60,6;62,7;65,5;65,6;66,7;69,1;72,2;73,3;75,3;78,2;82,3;83,9;86,2;89,7;94,3;95,7;97,9;100,8;104,3;104,9;105,8;107,6;110,1;110,4;109,3;108,9;109,4;104,7;99,8;98,1;99,9;99,8;100,4;102,2;105,1;105,8;105,6;107,2;109,5;107,7;106,1;106,0;107,0;105,0;103,6;103,4;104,0;102,8;101,3;101,9;102,9;100,1;99,1;99,4;101,2;100,2;99,9;100,2;102,8;101,6;102,1;102,8;105,2;104,2;104,4;105,4;108,0;107,4;107,0;107,8;110,7;110,2;111,1;112,9;115,4;117,4;118,5;120,6
;;;;;;;;;;;;;;;;;;;;;;;;;;;;;;;;;;;;;;;;;;;;;;;;;;;;;;;;;;;;;;;;;;;;;;;;;;;;;;;;;;;;;;;;;;;;;;;;;;;;;;;;;;;;;;;;;;;;;;;;
;;Ile-de-France (données brutes en base 100 en moyenne en 2015);;;;;;;;;;;;;;;;;;;;;;;;;;;;;;;;;;;;;;;;;;;;;;;;;;;;;;;;;;;;;;;;;;;;;;;;;;;;;;;;;;;;;;;;;;;;;;;;;;;;;;;;;;;;;;;;;;;;;;
010567012;IPLA-DEP75-A-BRUT-2015;Paris - Appartements;39,7;38,6;38,5;38,1;35,9;35,9;36,0;35,8;35,4;35,7;35,8;34,8;34,0;33,3;33,0;32,0;30,6;30,4;30,4;30,0;28,6;28,9;28,6;28,4;28,2;28,7;29,1;29,5;30,3;31,0;32,4;33,1;34,4;35,7;36,9;37,2;38,3;38,7;40,3;40,5;40,8;41,9;44,0;44,9;46,0;47,7;49,3;50,2;51,8;54,1;55,9;57,5;59,3;61,2;64,5;65,6;67,4;68,9;71,0;71,9;73,4;74,7;77,4;79,4;80,4;81,7;83,0;81,1;78,7;75,8;77,3;78,0;80,9;83,8;88,3;92,0;97,1;102,3;105,3;105,0;103,9;105,1;106,1;103,9;104,2;103,3;104,0;102,4;102,4;102,3;101,8;100,0;99,5;99,3;100,8;100,5;100,8;102,3;104,3;104,8;106,4;109,2;112,5;113,9;114,3;117,1;119,5;120,4;121,8;124,5;126,9;128,5;131,6;134,2;135,7;135,5;133,9;133,9
010567014;IPLA-DEP77-A-BRUT-2015;Seine et Marne - Appartements;;;;;;;;;;;;;;;;;46,1;45,1;45,2;45,2;42,9;42,9;43,8;43,2;43,2;42,7;43,4;43,7;42,4;43,3;45,6;45,2;45,8;46,8;47,3;46,7;48,5;49,1;51,0;51,2;51,3;53,2;55,9;56,0;57,1;59,0;61,4;62,2;64,6;67,6;71,8;74,5;76,2;81,5;86,0;88,7;95,1;97,1;99,3;101,2;102,1;103,7;105,1;105,4;105,9;105,6;105,6;102,2;98,1;97,0;98,0;98,7;99,9;102,0;104,8;104,8;106,5;107,5;108,5;106,9;107,6;106,8;107,3;106,4;105,4;105,6;107,0;104,5;103,2;102,2;103,9;101,2;99,8;99,9;100,9;99,4;97,9;98,2;100,8;100,1;101,0;100,5;102,1;101,0;100,3;100,4;102,7;101,1;100,8;101,6;102,9;103,7;105,2;105,8;106,8;108,0;108,3;110,5
010567020;IPLA-DEP78-A-BRUT-2015;Yvelines - Appartements;;;;;;;;;;;;;;;;;45,4;44,1;43,5;43,0;41,0;41,5;41,7;41,3;41,0;41,8;43,0;42,8;42,4;43,6;45,9;45,6;47,0;48,0;50,3;50,1;50,5;52,3;53,5;54,4;53,9;55,7;57,8;58,1;60,1;61,9;64,4;66,3;69,0;69,6;74,2;76,0;78,6;81,5;85,5;87,0;88,0;91,3;94,2;94,5;95,7;96,6;98,4;98,5;98,5;98,7;100,0;97,2;92,8;90,0;91,8;92,8;94,2;96,0;99,6;100,9;102,6;105,7;108,4;108,2;107,5;106,6;107,9;107,8;106,2;105,5;106,5;104,3;103,5;103,3;103,8;103,4;100,3;99,4;101,1;99,2;99,2;99,9;101,8;101,3;101,3;101,9;104,5;103,1;103,4;103,2;105,8;104,2;104,2;105,3;106,9;108,3;108,5;111,1;113,1;113,4;114,0;115,6
010567026;IPLA-DEP91-A-BRUT-2015;Essonne - Appartements;;;;;;;;;;;;;;;;;46,7;48,7;48,3;47,8;45,2;45,2;44,9;45,0;44,4;44,3;44,9;44,2;44,8;44,9;46,3;45,7;46,0;46,8;48,1;48,2;48,3;49,4;50,4;50,4;50,6;52,4;53,6;54,8;56,0;57,7;60,5;62,4;64,2;67,6;72,7;75,3;78,0;82,4;87,0;89,7;96,3;97,9;100,5;101,7;101,9;103,8;104,4;105,1;105,4;105,2;105,6;102,2;97,6;96,1;97,6;98,1;99,6;100,9;104,3;104,7;106,1;107,6;110,3;108,4;108,4;106,7;108,4;107,8;106,1;106,1;107,5;104,8;103,8;103,1;103,9;101,1;99,9;99,4;101,0;99,7;98,6;98,8;101,3;100,0;100,6;99,9;102,1;100,5;100,8;100,7;103,0;101,8;101,2;102,0;104,2;104,1;105,7;107,7;109,3;110,1;110,4;111,9
010567032;IPLA-DEP92-A-BRUT-2015;Hauts de Seine - Appartements;48,4;48,9;46,7;44,5;44,2;42,9;44,1;43,3;42,6;43,4;43,7;42,4;41,3;40,8;40,5;39,3;38,2;38,0;37,5;37,1;35,8;35,3;35,9;35,3;35,0;35,1;35,8;35,6;36,0;36,5;38,4;38,6;39,6;40,7;42,8;42,4;43,3;43,9;45,9;45,4;46,2;48,2;49,9;50,2;52,3;54,1;56,2;57,6;59,8;61,8;64,7;66,0;68,3;70,6;74,5;75,4;77,7;79,2;81,5;82,4;84,1;84,8;87,0;88,7;88,5;88,8;90,2;88,1;84,1;81,9;83,6;84,4;86,2;89,0;92,7;94,9;96,9;101,4;104,7;104,6;104,0;103,7;105,4;104,0;103,3;103,5;103,8;102,2;102,4;102,0;102,3;101,9;100,2;99,7;100,8;99,3;99,6;100,7;102,8;101,8;102,9;104,6;108,3;106,2;107,7;108,9;112,0;111,4;112,4;113,9;116,9;117,8;119,9;122,3;125,2;125,8;126,5;127,6
010567038;IPLA-DEP93-A-BRUT-2015;Seine St Denis - Appartements;47,3;47,7;48,9;48,7;47,7;46,4;46,0;45,4;45,9;45,7;46,4;44,4;43,8;43,7;42,3;42,1;41,7;40,1;40,3;39,1;37,6;37,5;36,2;36,4;35,8;35,5;35,5;35,3;35,7;35,8;36,3;36,7;36,6;37,6;38,8;38,9;39,1;40,1;41,4;41,7;42,7;43,7;45,4;46,3;47,5;48,8;51,6;53,3;55,7;57,5;61,2;63,6;67,2;70,4;75,8;77,6;82,8;84,0;87,7;88,5;90,5;91,5;94,0;95,0;94,5;94,6;95,2;92,5;89,0;87,3;89,2;89,3;91,0;92,6;96,7;98,5;99,3;102,7;106,3;104,8;104,0;103,4;105,6;103,8;102,6;103,6;104,1;102,2;102,4;101,5;102,6;101,4;100,0;99,7;100,9;99,4;99,0;99,7;102,2;100,3;101,7;102,3;106,4;103,8;105,4;106,5;110,1;109,7;111,0;112,4;116,0;115,8;118,7;122,2;124,7;126,0;125,8;127,9
010567044;IPLA-DEP94-A-BRUT-2015;Val de Marne - Appartements;46,7;47,3;46,9;45,3;45,1;44,6;45,2;44,4;44,4;44,6;45,3;43,2;42,8;42,2;41,6;40,5;39,7;39,3;39,7;39,4;37,8;37,6;37,2;37,0;36,3;36,2;36,9;36,7;37,0;37,1;38,6;39,1;39,4;40,2;41,7;42,0;42,2;43,1;44,5;45,0;46,0;47,3;49,3;50,2;51,2;53,5;55,5;57,5;59,6;62,1;66,3;67,3;70,1;73,6;77,5;79,0;82,3;84,4;87,0;87,9;87,6;89,8;91,5;92,6;92,2;92,3;93,2;90,9;87,0;85,3;87,2;87,4;89,4;91,5;95,3;97,3;98,5;102,2;105,9;104,4;104,1;103,5;105,6;103,8;103,1;103,6;104,1;102,5;102,5;102,1;102,9;101,2;100,0;99,7;100,9;99,4;99,3;100,3;102,6;101,3;102,5;103,5;106,9;104,6;105,5;106,3;109,0;108,9;109,7;110,8;113,8;113,7;116,2;119,5;121,3;123,1;123,9;124,7
010567050;IPLA-DEP95-A-BRUT-2015;Val d'Oise - Appartements;;;;;;;;;;;;;;;;;43,6;42,7;42,1;41,7;39,9;40,2;40,4;40,6;39,8;40,3;40,1;40,0;40,0;40,2;41,5;41,2;42,9;42,8;44,0;43,2;44,6;46,3;47,2;47,6;48,3;49,2;51,1;51,6;52,7;55,0;58,6;58,7;61,4;65,2;69,0;71,8;74,6;78,6;83,0;87,0;91,8;93,5;96,5;97,5;99,7;99,7;102,2;104,2;104,2;104,0;104,5;101,3;96,8;95,2;97,0;97,5;98,9;100,3;103,5;104,3;105,4;107,1;110,0;107,9;107,8;106,5;108,1;107,3;106,2;106,0;107,2;104,8;103,6;103,2;104,3;101,4;100,1;99,7;100,9;99,3;98,7;99,1;101,5;100,7;101,1;100,5;102,5;101,2;100,8;101,2;103,4;102,0;102,0;102,2;104,5;104,6;106,4;108,8;110,1;111,2;111,4;113,0
010567092;IPLA-REG11_PC-A-BRUT-2015;Petite Couronne - Appartements;47,7;48,2;47,1;45,3;45,0;43,9;44,7;43,9;43,6;44,0;44,5;42,9;42,1;41,6;41,1;40,0;39,2;38,6;38,5;38,0;36,6;36,3;36,3;35,9;35,4;35,4;36,0;35,8;36,2;36,5;38,1;38,4;39,0;40,0;41,8;41,7;42,3;43,1;44,7;44,7;45,5;47,2;49,0;49,5;51,2;53,0;55,2;56,8;59,0;61,2;64,5;65,9;68,5;71,3;75,5;76,7;79,8;81,4;84,0;84,8;86,0;87,2;89,3;90,7;90,4;90,6;91,8;89,5;85,7;83,6;85,4;86,0;87,8;90,2;94,0;96,1;97,7;101,8;105,3;104,5;104,0;103,6;105,5;103,9;103,2;103,6;103,9;102,3;102,4;101,9;102,5;101,6;100,1;99,7;100,9;99,3;99,5;100,5;102,7;101,4;102,6;104,0;107,6;105,4;106,8;107,9;111,0;110,5;111,5;112,9;116,0;116,5;118,8;121,6;124,2;125,1;125,7;126,9
010567080;IPLA-REG11_GC-A-BRUT-2015;Grande Couronne - Appartements;;;;;;;;;;;;;;;;;45,5;45,0;44,5;44,1;42,0;42,3;42,5;42,3;41,8;42,2;43,0;42,7;42,5;43,2;45,1;44,8;45,9;46,6;48,3;48,0;48,7;50,2;51,4;51,9;51,9;53,5;55,5;56,0;57,5;59,4;62,2;63,6;66,0;68,2;72,7;75,0;77,5;81,3;85,6;88,0;91,6;94,1;96,9;97,7;98,9;99,9;101,5;102,2;102,3;102,2;103,0;99,9;95,5;93,5;95,1;95,8;97,2;98,8;102,2;103,0;104,6;106,7;109,2;108,0;107,8;106,6;108,0;107,5;106,0;105,8;106,9;104,6;103,5;103,0;103,9;102,1;100,1;99,5;101,0;99,4;98,8;99,2;101,5;100,7;101,1;101,0;103,2;101,8;101,8;101,8;104,2;102,7;102,5;103,4;105,2;105,9;107,0;109,0;110,6;111,3;111,7;113,4
010567076;IPLA-REG11-A-BRUT-2015;Ile-de-France - Appartements;;;;;;;;;;;;;;;;;36,1;35,8;35,6;35,2;33,6;33,8;33,6;33,4;33,1;33,4;33,9;34,0;34,5;35,1;36,7;37,1;38,1;39,3;40,7;40,8;41,7;42,4;44,0;44,1;44,6;45,9;47,9;48,7;50,0;51,8;53,8;55,0;57,0;59,2;62,0;63,7;65,9;68,4;72,1;73,5;76,0;77,7;80,1;81,0;82,3;83,6;86,0;87,6;88,0;88,7;89,8;87,6;84,3;81,8;83,5;84,1;86,4;88,9;92,9;95,6;98,8;103,0;106,1;105,4;104,7;104,9;106,2;104,6;104,2;103,9;104,5;102,7;102,6;102,3;102,5;101,0;99,8;99,5;100,8;99,9;99,9;101,0;103,2;102,8;104,0;105,8;109,0;108,6;109,3;110,9;113,6;113,6;114,5;116,4;118,9;120,0;122,4;125,0;126,9;127,3;126,9;127,6
010567086;IPLA-REG11_HP-A-BRUT-2015;Ile-de-France hors Paris- Appartements;;;;;;;;;;;;;;;;;41,4;40,9;40,6;40,2;38,5;38,4;38,5;38,1;37,7;37,8;38,5;38,2;38,4;38,9;40,6;40,7;41,4;42,3;44,1;43,9;44,5;45,6;47,1;47,2;47,8;49,4;51,3;51,8;53,4;55,3;57,7;59,2;61,5;63,7;67,5;69,2;71,8;74,9;79,0;80,7;83,9;85,8;88,5;89,4;90,5;91,6;93,6;94,7;94,6;94,7;95,7;93,2;89,1;87,1;88,8;89,4;91,1;93,3;96,9;98,5;100,1;103,5;106,7;105,7;105,3;104,7;106,4;105,2;104,2;104,3;105,0;103,1;102,8;102,3;103,0;101,8;100,1;99,6;100,9;99,4;99,2;100,0;102,3;101,2;102,1;103,0;106,2;104,2;105,1;105,8;108,7;107,9;108,5;109,7;112,4;112,9;114,8;117,3;119,6;120,4;121,0;122,3
010567018;IPLA-DEP77-M-BRUT-2015;Seine et Marne - Maisons;;;;;;;;;;;;;;;;;45,8;46,7;47,6;47,2;46,2;47,1;47,6;47,2;47,6;47,7;49,4;48,7;49,7;50,3;52,7;51,9;53,1;54,1;56,7;55,2;56,9;58,5;60,5;59,1;60,7;62,3;64,3;63,9;65,1;67,5;70,8;71,7;73,9;76,5;81,3;81,1;84,5;88,4;92,9;95,1;98,0;102,0;104,8;105,7;106,9;109,1;110,9;109,9;108,9;109,6;109,1;103,5;97,9;95,4;97,7;96,4;99,0;100,9;104,3;103,9;104,2;106,7;108,4;106,9;106,6;106,6;107,4;105,5;104,3;104,4;105,6;103,5;101,1;101,5;103,4;99,7;99,2;99,7;101,5;99,6;99,3;100,3;102,7;100,9;101,3;102,3;105,3;103,0;103,6;103,7;106,1;105,6;103,6;103,8;106,6;105,1;106,5;108,6;111,1;111,8;113,3;114,4
010567024;IPLA-DEP78-M-BRUT-2015;Yvelines - Maisons;;;;;;;;;;;;;;;;;45,2;45,9;48,6;48,3;45,8;47,7;48,0;46,8;46,7;48,3;50,1;48,6;49,4;51,9;54,0;52,5;54,1;57,0;59,6;58,1;59,3;63,6;64,6;61,9;61,2;64,9;67,0;65,0;66,7;67,7;71,1;71,9;74,2;75,7;81,0;81,3;82,8;87,0;91,4;91,9;95,4;97,8;101,5;99,6;103,3;104,4;106,8;106,7;105,3;106,4;106,3;100,8;94,8;92,2;94,8;93,2;96,5;98,5;101,8;101,7;102,9;105,3;108,6;107,0;106,0;105,4;106,5;104,2;103,5;103,5;104,6;103,0;100,7;101,1;103,3;100,0;99,0;99,7;102,1;99,2;99,4;100,4;103,3;101,1;101,3;102,7;105,3;103,8;103,5;105,3;106,8;106,4;105,4;105,8;108,4;107,7;107,4;110,7;113,3;114,0;115,9;115,8
010567030;IPLA-DEP91-M-BRUT-2015;Essonne - Maisons;;;;;;;;;;;;;;;;;47,4;46,9;49,4;49,0;47,0;48,4;49,4;47,6;47,9;48,4;49,8;49,3;50,3;51,5;53,2;51,9;53,5;55,9;55,9;56,3;56,2;58,1;60,0;59,8;59,7;61,7;63,5;62,9;64,5;67,3;69,0;69,5;72,4;75,7;79,4;79,6;82,8;87,3;92,0;94,1;96,3;100,2;103,4;102,7;104,1;106,6;107,3;108,2;107,3;107,9;107,8;102,2;96,7;94,1;96,5;95,1;98,1;100,0;103,6;103,2;103,6;106,3;109,0;107,7;106,6;106,7;107,4;105,3;103,9;104,0;105,4;103,3;100,9;101,4;103,1;99,7;99,2;99,5;101,8;99,5;99,1;100,7;103,0;101,0;101,3;102,8;105,3;103,6;104,1;104,9;107,1;106,3;105,2;104,8;107,9;107,0;107,5;110,2;112,5;113,1;115,0;115,5
010567036;IPLA-DEP92-M-BRUT-2015;Hauts de Seine - Maisons;44,5;39,9;44,2;40,7;40,5;38,3;42,0;42,6;41,4;42,4;42,1;43,1;40,6;39,4;41,9;38,1;40,4;39,1;41,0;38,8;37,5;39,1;39,3;38,7;37,0;38,9;41,0;40,1;41,4;41,5;46,9;45,2;48,1;49,2;52,4;49,1;49,3;52,6;54,7;51,8;50,8;54,3;57,1;56,7;54,9;58,6;63,7;64,3;66,7;69,2;73,1;74,1;76,1;80,3;83,4;83,0;84,1;88,7;93,7;90,3;94,6;93,5;98,7;98,7;97,9;98,6;100,3;95,0;88,0;85,1;88,6;86,4;90,5;93,0;95,4;97,2;100,0;102,6;107,8;105,0;103,9;102,7;104,5;102,9;103,2;103,1;103,9;102,2;101,4;101,1;104,8;101,4;98,7;99,5;103,2;98,6;101,2;101,0;103,3;101,8;101,8;103,3;107,1;105,5;104,9;108,8;112,2;112,3;111,9;111,2;114,8;113,0;114,7;116,8;121,2;122,6;124,6;123,7
010567042;IPLA-DEP93-M-BRUT-2015;Seine St Denis - Maisons;47,1;46,9;47,6;47,8;46,2;47,2;48,2;46,7;46,5;46,0;47,4;45,9;44,7;43,9;44,3;44,3;43,6;44,8;44,8;44,9;42,7;43,4;43,7;43,4;43,8;43,7;45,0;43,5;45,0;46,3;47,8;48,1;48,2;48,3;50,9;50,7;51,5;53,3;54,8;54,3;55,2;56,0;60,1;58,8;59,1;63,1;64,9;65,3;67,8;71,7;75,9;77,0;79,5;82,4;87,7;89,6;92,4;96,9;99,7;99,9;100,8;103,6;104,5;104,6;104,3;104,1;105,9;100,7;95,9;93,7;94,8;95,1;96,3;98,5;102,6;102,4;102,9;105,7;111,0;108,7;106,5;107,7;108,0;106,5;105,0;105,7;106,3;102,9;102,1;102,0;103,5;99,2;99,5;98,4;101,8;100,3;99,2;101,0;103,7;101,4;101,9;103,3;107,1;104,3;104,3;105,8;109,4;109,4;108,7;108,2;111,3;109,9;111,1;113,4;116,8;118,0;117,5;119,5
010567048;IPLA-DEP94-M-BRUT-2015;Val de Marne - Maisons;44,0;45,5;46,8;44,7;44,2;43,7;46,0;45,3;44,9;45,9;46,5;45,7;45,1;41,3;44,1;42,4;42,5;42,7;43,9;42,7;42,1;42,1;43,8;42,9;42,4;44,3;44,9;43,7;44,6;45,0;48,6;48,3;48,7;49,8;53,0;52,6;52,1;55,7;58,5;56,6;55,8;57,1;60,9;59,4;60,3;63,0;66,3;69,1;67,6;72,6;76,6;78,5;77,9;83,4;88,1;90,2;92,8;93,5;99,5;98,5;100,8;102,7;106,4;103,4;102,8;103,2;104,5;99,3;93,5;91,0;93,1;92,1;94,8;97,3;100,3;100,8;102,3;104,8;109,3;107,0;105,8;105,9;106,7;105,0;104,2;104,4;105,4;102,8;101,7;101,4;103,6;100,2;99,2;99,1;102,1;99,6;99,8;101,2;103,6;101,4;101,9;103,3;106,5;104,8;105,3;107,1;110,2;110,2;109,4;109,1;112,2;110,7;112,5;114,5;119,0;120,4;121,1;121,3
010567054;IPLA-DEP95-M-BRUT-2015;Val d'Oise - Maisons;;;;;;;;;;;;;;;;;45,9;45,0;45,3;45,3;44,9;45,4;45,4;44,6;44,1;45,3;46,9;46,2;47,1;48,1;49,7;48,8;50,5;51,1;54,3;52,8;53,7;55,4;56,9;56,4;57,1;58,6;61,0;59,6;61,4;63,6;66,8;68,1;70,2;73,6;76,9;77,3;80,4;84,4;89,1;90,7;94,0;97,5;100,7;100,9;103,0;105,2;107,6;106,2;105,4;105,9;106,5;101,7;96,2;93,9;95,4;94,7;96,6;99,1;101,8;101,8;103,2;105,2;108,2;105,8;106,1;106,2;106,7;105,0;104,6;104,5;105,6;103,0;101,7;101,2;103,2;99,8;99,3;99,4;101,4;99,9;99,5;100,5;103,4;101,1;101,9;102,5;105,3;103,6;103,8;104,1;106,6;106,1;105,2;105,2;107,7;107,1;107,6;110,7;113,2;114,0;115,5;115,8
010567096;IPLA-REG11_PC-M-BRUT-2015;Petite Couronne - Maisons;45,1;44,0;46,1;44,3;43,6;43,0;45,3;44,8;44,2;44,7;45,3;44,8;43,4;41,5;43,4;41,6;42,1;42,2;43,1;42,1;40,7;41,5;42,2;41,6;41,0;42,2;43,6;42,4;43,6;44,2;47,7;47,1;48,3;49,0;52,1;50,7;50,9;53,8;55,9;54,2;53,8;55,7;59,3;58,3;58,0;61,5;64,9;66,2;67,3;71,1;75,1;76,5;77,7;82,0;86,3;87,5;89,7;92,9;97,5;96,1;98,6;99,8;103,0;102,1;101,5;101,8;103,4;98,2;92,3;89,7;92,0;91,0;93,7;96,1;99,2;100,0;101,7;104,3;109,3;106,8;105,3;105,4;106,3;104,7;104,1;104,4;105,1;102,6;101,7;101,5;104,0;100,3;99,1;99,1;102,4;99,5;100,2;101,1;103,6;101,6;101,9;103,3;106,9;105,0;104,9;107,4;110,7;110,8;110,1;109,6;112,9;111,3;112,9;115,0;119,2;120,5;121,3;121,7
010567084;IPLA-REG11_GC-M-BRUT-2015;Grande Couronne - Maisons;;;;;;;;;;;;;;;;;46,0;46,1;47,8;47,5;46,0;47,2;47,6;46,6;46,6;47,5;49,2;48,2;49,1;50,6;52,5;51,4;52,9;54,7;56,9;55,8;56,8;59,2;60,8;59,5;59,8;62,1;64,2;63,1;64,6;66,7;69,6;70,5;72,8;75,4;79,8;80,0;82,7;86,8;91,4;92,9;96,0;99,3;102,6;102,1;104,3;106,3;108,2;107,7;106,7;107,4;107,4;102,0;96,3;93,8;96,0;94,8;97,5;99,6;102,9;102,6;103,5;105,9;108,5;106,9;106,3;106,2;107,0;104,9;104,0;104,1;105,2;103,2;101,1;101,3;103,2;99,8;99,2;99,6;101,7;99,5;99,3;100,5;103,1;101,0;101,4;102,6;105,3;103,5;103,8;104,5;106,7;106,1;104,8;104,9;107,6;106,7;107,2;110,0;112,5;113,2;114,9;115,3
010567090;IPLA-REG11-M-BRUT-2015;Ile-de-France - Maisons;;;;;;;;;;;;;;;;;44,8;44,9;46,4;45,9;44,3;45,4;46,0;45,0;44,9;45,9;47,4;46,5;47,4;48,6;51,0;50,1;51,4;52,9;55,4;54,3;55,1;57,6;59,3;57,9;58,0;60,3;62,7;61,6;62,6;65,2;68,1;69,2;71,1;74,2;78,4;79,0;81,2;85,4;89,9;91,2;94,0;97,3;101,1;100,4;102,6;104,3;106,7;105,9;105,0;105,6;106,1;100,8;95,0;92,5;94,7;93,5;96,3;98,5;101,7;101,8;102,9;105,4;108,7;106,8;106,0;105,9;106,8;104,9;104,0;104,1;105,2;103,0;101,3;101,3;103,5;100,0;99,1;99,4;101,9;99,5;99,6;100,7;103,2;101,2;101,6;102,8;105,8;104,0;104,1;105,4;107,9;107,6;106,5;106,4;109,3;108,2;109,0;111,6;114,6;115,5;116,9;117,3
010567016;IPLA-DEP77-E-BRUT-2015;Seine et Marne - Ensemble;;;;;;;;;;;;;;;;;45,8;46,3;47,1;46,7;45,5;46,2;46,8;46,4;46,7;46,7;48,1;47,7;48,2;48,9;51,2;50,5;51,6;52,6;54,8;53,5;55,2;56,6;58,5;57,5;58,7;60,5;62,6;62,3;63,5;65,8;68,9;69,7;71,9;74,6;79,3;79,7;82,8;86,9;91,4;93,7;97,3;100,9;103,6;104,6;105,8;107,9;109,6;108,8;108,2;108,7;108,3;103,2;98,0;95,9;97,8;97,0;99,3;101,2;104,4;104,1;104,8;106,9;108,4;106,9;106,9;106,7;107,4;105,7;104,6;104,7;106,0;103,8;101,7;101,7;103,5;100,1;99,3;99,8;101,4;99,5;98,9;99,7;102,2;100,7;101,3;101,8;104,4;102,5;102,7;102,8;105,2;104,4;102,8;103,2;105,6;104,7;106,2;107,8;109,9;110,7;111,9;113,3
010567022;IPLA-DEP78-E-BRUT-2015;Yvelines - Ensemble;;;;;;;;;;;;;;;;;45,2;45,0;46,3;45,9;43,6;44,9;45,2;44,3;44,1;45,4;46,9;46,0;46,2;48,2;50,4;49,4;50,9;52,9;55,4;54,5;55,3;58,5;59,6;58,5;57,9;60,7;62,9;61,9;63,7;65,0;68,0;69,3;71,8;72,9;77,9;78,8;80,8;84,4;88,6;89,6;92,0;94,8;98,1;97,2;99,8;100,8;102,9;102,9;102,2;102,8;103,4;99,1;93,9;91,2;93,4;93,0;95,5;97,3;100,8;101,3;102,8;105,5;108,5;107,5;106,6;106,0;107,1;105,8;104,7;104,4;105,5;103,6;102,0;102,1;103,5;101,5;99,6;99,6;101,7;99,2;99,4;100,1;102,6;101,2;101,3;102,3;104,9;103,5;103,5;104,4;106,4;105,4;104,9;105,6;107,8;107,9;107,9;110,8;113,2;113,7;115,1;115,7
010567028;IPLA-DEP91-E-BRUT-2015;Essonne - Ensemble;;;;;;;;;;;;;;;;;47,1;47,4;49,0;48,6;46,3;47,3;47,9;46,7;46,7;47,0;48,2;47,5;48,4;49,3;50,8;49,8;51,0;52,8;53,3;53,6;53,6;55,1;56,8;56,7;56,7;58,6;60,2;60,2;61,7;64,1;66,2;67,1;69,6;72,9;77,1;78,1;81,1;85,6;90,2;92,5;96,2;99,3;102,3;102,2;103,2;105,5;106,2;107,0;106,6;106,9;107,0;102,2;97,1;94,9;96,9;96,3;98,7;100,3;103,8;103,8;104,6;106,7;109,5;107,9;107,3;106,7;107,8;106,2;104,7;104,8;106,2;103,8;102,0;102,0;103,4;100,2;99,5;99,4;101,5;99,6;98,9;100,0;102,4;100,6;101,1;101,8;104,2;102,5;103,0;103,4;105,6;104,7;103,8;103,8;106,6;106,0;106,8;109,3;111,3;112,0;113,4;114,2
010567034;IPLA-DEP92-E-BRUT-2015;Hauts de Seine - Ensemble;47,4;46,8;46,0;43,5;43,3;41,8;43,5;43,0;42,2;43,0;43,2;42,4;41,0;40,4;40,7;38,9;38,6;38,1;38,2;37,4;36,1;36,1;36,6;35,9;35,3;35,8;36,9;36,5;37,1;37,5;40,2;40,0;41,3;42,4;44,8;43,8;44,5;45,7;47,7;46,7;47,1;49,4;51,4;51,5;52,7;55,0;57,7;58,9;61,1;63,3;66,4;67,6;69,8;72,5;76,3;76,8;78,9;81,1;84,0;83,9;86,1;86,5;89,3;90,6;90,3;90,7;92,2;89,4;84,9;82,5;84,6;84,8;87,1;89,8;93,2;95,3;97,5;101,6;105,3;104,7;103,9;103,5;105,2;103,8;103,3;103,4;103,8;102,2;102,2;101,8;102,8;101,8;99,9;99,7;101,3;99,1;99,9;100,7;102,9;101,8;102,7;104,3;108,0;106,0;107,1;108,9;112,0;111,6;112,3;113,4;116,5;116,9;118,8;121,2;124,4;125,1;126,1;126,8
010567040;IPLA-DEP93-E-BRUT-2015;Seine St Denis - Ensemble;46,9;47,1;48,0;48,0;46,7;46,6;46,9;45,8;46,0;45,6;46,7;44,9;44,0;43,6;43,1;43,0;42,4;42,2;42,3;41,8;39,9;40,2;39,7;39,6;39,5;39,4;40,0;39,2;40,1;40,7;41,8;42,1;42,1;42,7;44,6;44,5;45,0;46,4;47,7;47,7;48,6;49,5;52,4;52,2;53,0;55,6;57,9;58,9;61,4;64,2;68,1;69,9;72,9;75,9;81,2;83,1;87,1;89,9;93,1;93,6;95,1;97,0;98,6;99,2;98,8;98,8;99,9;96,1;92,0;90,1;91,7;91,8;93,3;95,2;99,3;100,3;100,9;104,1;108,4;106,6;105,1;105,4;106,7;105,0;103,7;104,5;105,1;102,5;102,2;101,8;103,0;100,4;99,8;99,1;101,3;99,8;99,1;100,3;102,8;100,8;101,8;102,8;106,7;104,1;104,9;106,2;109,8;109,6;110,0;110,5;113,8;113,1;115,2;118,1;121,1;122,3;122,0;124,0
010567046;IPLA-DEP94-E-BRUT-2015;Val de Marne - Ensemble;45,7;46,5;46,8;45,0;44,7;44,2;45,4;44,6;44,5;45,0;45,6;44,0;43,5;41,8;42,4;41,1;40,6;40,4;41,1;40,5;39,3;39,1;39,5;39,0;38,4;39,0;39,7;39,2;39,7;39,8;42,1;42,3;42,6;43,5;45,7;45,7;45,7;47,5;49,5;49,1;49,4;50,7;53,3;53,4;54,3;56,8;59,2;61,5;62,3;65,7;69,9;71,2;72,7;77,0;81,2;82,9;85,9;87,5;91,3;91,5;92,2;94,2;96,6;96,3;95,8;96,0;97,1;93,8;89,2;87,2;89,2;89,0;91,2;93,5;97,0;98,5;99,8;103,1;107,1;105,2;104,7;104,3;106,0;104,2;103,5;103,9;104,6;102,6;102,2;101,8;103,1;100,8;99,7;99,5;101,3;99,5;99,5;100,6;102,9;101,4;102,3;103,4;106,8;104,7;105,5;106,6;109,4;109,4;109,6;110,1;113,2;112,6;114,8;117,6;120,4;122,1;122,9;123,4
010567052;IPLA-DEP95-E-BRUT-2015;Val d'Oise - Ensemble;;;;;;;;;;;;;;;;;45,1;44,3;44,2;44,2;43,3;43,7;43,8;43,3;42,7;43,7;44,8;44,2;44,8;45,6;47,1;46,4;48,1;48,4;51,0;49,8;50,8;52,5;53,8;53,6;54,3;55,6;57,8;57,1;58,6;60,9;64,2;65,1;67,4;70,9;74,3;75,5;78,5;82,5;87,1;89,4;93,3;96,2;99,3;99,8;101,9;103,4;105,8;105,5;105,0;105,2;105,8;101,6;96,5;94,4;96,0;95,7;97,5;99,5;102,4;102,8;104,0;105,9;108,8;106,6;106,7;106,3;107,2;105,8;105,2;105,1;106,2;103,7;102,5;101,9;103,6;100,4;99,6;99,5;101,2;99,7;99,2;100,0;102,8;101,0;101,6;101,8;104,4;102,8;102,8;103,1;105,5;104,7;104,1;104,2;106,6;106,3;107,2;110,0;112,1;113,1;114,1;114,9
010567094;IPLA-REG11_PC-E-BRUT-2015;Petite Couronne - Ensemble;46,7;46,7;46,6;44,8;44,3;43,4;44,7;44,0;43,6;44,1;44,6;43,3;42,3;41,4;41,6;40,4;39,9;39,6;39,8;39,2;37,8;37,8;38,0;37,6;37,1;37,4;38,3;37,8;38,4;38,8;41,0;41,0;41,8;42,7;44,9;44,4;44,8;46,3;48,1;47,5;48,0;49,7;52,1;52,1;53,1;55,5;58,1;59,5;61,4;64,1;67,6;69,0;71,2;74,4;78,6;79,8;82,6;84,7;87,9;88,0;89,6;90,8;93,3;93,9;93,6;93,8;95,1;92,0;87,6;85,4;87,3;87,4;89,5;91,9;95,5;97,2;98,9;102,5;106,5;105,2;104,4;104,1;105,7;104,1;103,4;103,8;104,3;102,4;102,2;101,8;102,9;101,3;99,8;99,5;101,3;99,4;99,7;100,6;102,9;101,5;102,4;103,8;107,4;105,3;106,3;107,7;110,9;110,6;111,1;111,9;115,1;114,9;117,0;119,6;122,7;123,8;124,4;125,3
010567082;IPLA-REG11_GC-E-BRUT-2015;Grande Couronne - Ensemble;;;;;;;;;;;;;;;;;45,7;45,6;46,6;46,3;44,5;45,4;45,8;45,0;44,9;45,7;47,0;46,3;46,8;48,0;49,9;49,1;50,4;51,9;53,9;53,1;54,0;56,1;57,5;56,8;57,0;59,1;61,1;60,6;62,1;64,1;67,0;68,0;70,4;72,9;77,3;78,1;80,8;84,8;89,3;91,1;94,3;97,4;100,5;100,4;102,3;103,9;105,7;105,7;105,1;105,5;105,8;101,2;96,0;93,7;95,7;95,1;97,4;99,3;102,6;102,8;103,9;106,2;108,8;107,3;106,8;106,3;107,3;105,9;104,8;104,7;105,9;103,7;102,0;101,9;103,5;100,7;99,5;99,6;101,5;99,5;99,1;100,0;102,5;100,9;101,3;102,0;104,6;102,9;103,1;103,6;105,8;104,9;104,0;104,4;106,8;106,4;107,1;109,6;111,8;112,5;113,8;114,6
010567088;IPLA-REG11_HP-E-BRUT-2015;Ile-de-France hors Paris - Ensemble;;;;;;;;;;;;;;;;;42,9;42,7;43,3;42,8;41,2;41,7;42,0;41,4;41,1;41,7;42,7;42,1;42,7;43,5;45,6;45,1;46,2;47,4;49,5;48,8;49,5;51,3;52,9;52,3;52,6;54,5;56,7;56,4;57,7;59,9;62,6;63,8;66,0;68,5;72,5;73,6;76,0;79,7;84,0;85,5;88,5;91,1;94,3;94,3;96,0;97,5;99,6;99,8;99,4;99,7;100,5;96,7;91,8;89,6;91,5;91,3;93,5;95,6;99,1;100,0;101,4;104,4;107,6;106,3;105,6;105,2;106,6;105,0;104,1;104,3;105,1;103,0;102,1;101,9;103,2;101,0;99,7;99,5;101,4;99,4;99,4;100,3;102,7;101,2;101,9;102,9;106,0;104,1;104,7;105,6;108,3;107,7;107,5;108,1;110,9;110,7;112,0;114,6;117,2;118,1;119,0;119,9
010567078;IPLA-REG11-E-BRUT-2015;Ile-de-France - Ensemble;;;;;;;;;;;;;;;;;38,8;38,6;39,0;38,5;37,0;37,4;37,5;37,0;36,8;37,3;38,2;37,9;38,6;39,3;41,2;41,2;42,3;43,6;45,3;45,0;45,9;47,2;48,8;48,4;48,8;50,4;52,6;52,7;53,9;56,0;58,3;59,4;61,3;63,9;67,1;68,4;70,6;73,7;77,6;79,0;81,6;83,8;86,6;87,0;88,6;90,0;92,4;93,2;93,2;93,9;94,9;91,7;87,6;85,1;87,0;87,0;89,5;91,9;95,7;97,5;100,1;103,7;106,9;105,9;105,1;105,2;106,4;104,7;104,2;104,0;104,7;102,8;102,1;102,0;102,8;100,7;99,6;99,5;101,2;99,7;99,8;100,9;103,2;102,3;103,2;104,8;108,0;107,1;107,6;109,1;111,8;111,6;111,9;113,1;115,8;116,1;118,0;120,6;122,8;123,4;123,6;124,3
;;;;;;;;;;;;;;;;;;;;;;;;;;;;;;;;;;;;;;;;;;;;;;;;;;;;;;;;;;;;;;;;;;;;;;;;;;;;;;;;;;;;;;;;;;;;;;;;;;;;;;;;;;;;;;;;;;;;;;;;
;;Provence-Alpes-Côte d'Azur (données brutes en base 100 en moyenne en 2015);;;;;;;;;;;;;;;;;;;;;;;;;;;;;;;;;;;;;;;;;;;;;;;;;;;;;;;;;;;;;;;;;;;;;;;;;;;;;;;;;;;;;;;;;;;;;;;;;;;;;;;;;;;;;;;;;;;;;;
010567112;IPLA-REG93-E-BRUT-2015;Provence-Alpes-Côte d'Azur - Ensemble;;;;;;;;;;;;38,3;38,7;38,6;38,6;38,1;38,0;38,5;39,0;38,8;37,4;39,1;38,5;38,6;37,7;38,9;39,7;39,9;40,0;41,1;42,3;43,0;43,5;45,3;46,4;46,9;47,8;50,1;51,3;53,1;53,5;56,0;59,3;61,2;62,4;65,5;69,1;70,9;73,6;76,7;81,2;83,7;86,1;89,5;93,7;95,6;98,0;100,6;103,8;105,2;106,1;107,2;109,9;112,0;110,8;110,8;110,8;107,7;103,9;100,6;102,3;104,2;104,2;105,7;108,7;110,2;109,7;110,9;112,4;112,3;109,6;108,9;108,8;108,0;105,9;105,8;105,3;105,6;103,4;103,4;103,1;101,5;99,0;100,2;100,1;100,6;100,1;98,7;100,5;101,3;100,9;101,3;103,1;102,4;103,0;102,7;104,8;104,7;104,0;105,0;106,6;107,9;108,2;108,3;110,2;112,3;112,7;114,9
010567110;IPLA-REG93-A-BRUT-2015;Provence-Alpes-Côte d'Azur - Appartements;;;;;;;;;;;;39,7;39,8;40,0;39,1;38,6;38,5;38,7;38,7;38,5;37,5;38,8;36,9;36,9;35,9;36,9;37,3;37,6;37,7;38,7;39,5;40,0;40,6;41,8;42,7;43,2;44,0;46,1;47,1;49,2;49,5;51,8;55,0;56,9;57,8;61,1;64,9;66,1;70,2;73,2;78,0;79,8;82,7;86,4;90,6;92,8;95,2;98,3;101,2;102,8;103,7;105,0;107,6;109,0;108,3;108,7;108,8;106,6;101,6;99,8;102,2;103,0;102,8;104,7;107,2;108,3;107,3;109,7;111,7;111,5;109,5;108,6;108,4;107,6;105,4;103,7;105,1;105,2;102,9;102,5;102,8;101,7;99,5;99,9;100,5;100,1;98,6;98,7;99,6;100,7;99,9;100,3;102,2;101,5;101,5;100,9;103,2;102,9;103,2;103,7;105,0;106,1;107,4;107,4;109,1;110,2;111,0;112,4
010567114;IPLA-REG93-M-BRUT-2015;Provence-Alpes-Côte d'Azur - Maisons;;;;;;;;;;;;36,0;36,7;36,5;37,6;37,1;37,1;37,8;39,1;38,9;36,9;39,2;40,4;40,7;39,9;41,3;42,7;42,9;42,9;44,2;45,8;46,8;47,3;49,8;51,3;51,7;52,8;55,3;56,6;58,0;58,7;61,5;64,8;66,7;68,2;70,7;74,6;76,6;78,4;81,0;84,9;88,4;90,0;93,1;97,2;98,8;101,0;103,0;106,6;107,8;108,5;109,3;112,2;115,2;113,3;112,9;112,9;108,8;106,5;101,4;102,3;105,4;105,6;106,6;110,2;112,2;112,4;112,1;113,2;113,2;109,7;109,2;109,1;108,5;106,4;108,2;105,4;106,1;103,9;104,5;103,4;101,3;98,6;100,5;99,7;101,1;101,7;98,8;101,5;101,9;102,1;102,3;104,1;103,4;104,5;104,7;106,5;106,8;104,9;106,5;108,4;109,8;109,1;109,4;111,3;114,5;114,5;117,6
010567006;IPLA-A_13055-A-BRUT-2015;Marseille - Appartements;;;;;;;;;;;;36,1;35,8;36,9;36,8;36,8;38,0;37,6;38,1;38,6;35,7;38,8;36,9;37,5;35,9;36,6;37,8;38,1;38,9;39,8;40,9;41,1;41,7;43,0;44,6;44,0;45,7;48,2;49,9;52,2;53,6;55,7;58,5;61,7;62,4;66,7;71,3;72,9;77,6;82,3;86,9;86,9;93,4;97,8;102,6;103,6;107,9;111,8;114,6;115,6;116,5;116,8;118,8;117,4;116,1;115,7;116,3;110,6;104,8;103,4;109,0;107,6;106,0;112,1;116,6;113,7;113,6;116,5;118,4;116,2;112,0;112,0;113,2;111,5;109,3;105,9;109,4;106,3;105,2;103,8;103,2;102,7;98,7;100,6;100,7;100,0;95,7;98,0;99,8;97,4;100,7;100,2;102,5;102,6;103,6;101,2;106,0;104,3;103,7;104,0;107,8;108,1;111,7;*;*;114,7;117,0;118,8
;;;;;;;;;;;;;;;;;;;;;;;;;;;;;;;;;;;;;;;;;;;;;;;;;;;;;;;;;;;;;;;;;;;;;;;;;;;;;;;;;;;;;;;;;;;;;;;;;;;;;;;;;;;;;;;;;;;;;;;;
;;Auvergne-Rhône-alpes (données brutes en base 100 en moyenne en 2015);;;;;;;;;;;;;;;;;;;;;;;;;;;;;;;;;;;;;;;;;;;;;;;;;;;;;;;;;;;;;;;;;;;;;;;;;;;;;;;;;;;;;;;;;;;;;;;;;;;;;;;;;;;;;;;;;;;;;;
010567130;IPLA-REG84-E-BRUT-2015;Auvergne-Rhône-Alpes - Ensemble;;;;;;;;;;;;;;;;;;;;;;;;;;;;;;;;;;;;;;;;;;;;;;;;;;;;;;;;;;;;;;;;;;;;;;;;;96,2;98,7;101,7;101,9;101,2;103,4;106,0;104,6;103,4;104,4;104,8;103,0;101,4;102,1;103,3;102,1;101,1;102,5;102,7;100,4;99,2;99,3;100,9;100,7;99,7;100,8;102,8;102,0;102,2;103,5;105,8;104,8;104,7;106,0;109,2;107,9;108,8;110,2;113,7;113,6;114,6;117,0;119,9;121,4;122,7;125,0
010567128;IPLA-REG84-A-BRUT-2015;Auvergne-Rhône-Alpes - Appartements;;;;;;;;;;;;;;;;;;;;;;;;;;;;;;;;;;;;;;;;;;;;;;;;;;;;;;;;;;;;;;;;;;;;;;;;;94,1;96,9;100,2;100,6;100,1;102,3;105,0;104,1;102,4;103,5;104,3;103,6;101,1;102,6;103,7;102,3;101,3;102,2;102,5;100,5;99,7;99,2;100,6;100,5;99,2;99,8;101,6;100,7;101,1;103,0;105,2;104,3;104,9;105,6;109,2;108,3;108,7;111,0;114,4;114,9;115,9;119,2;122,6;123,0;124,5;127,6
010567132;IPLA-REG84-M-BRUT-2015;Auvergne-Rhône-Alpes - Maisons;;;;;;;;;;;;;;;;;;;;;;;;;;;;;;;;;;;;;;;;;;;;;;;;;;;;;;;;;;;;;;;;;;;;;;;;;97,9;100,3;102,9;103,0;102,2;104,3;106,8;104,9;104,2;105,1;105,2;102,4;101,5;101,5;103,0;101,8;100,9;102,7;102,8;100,2;98,8;99,3;101,1;100,8;100,3;101,8;103,9;103,2;103,2;104,0;106,5;105,3;104,7;106,5;109,3;107,7;109,0;109,5;113,2;112,6;113,5;115,2;117,8;120,2;121,2;122,9
010567010;IPLA-A_69123-A-BRUT-2015;Lyon - Appartements;;;;;;;;;;;;34,5;33,4;32,4;34,2;32,1;31,4;31,5;32,6;31,9;31,0;31,6;31,2;30,0;29,0;29,9;31,0;30,7;31,0;31,5;33,2;32,9;33,5;34,1;36,0;35,1;36,4;37,5;38,7;38,1;38,7;39,4;42,2;42,7;44,5;46,7;49,8;52,3;52,3;57,5;61,6;64,0;64,8;69,1;72,7;73,2;75,0;79,0;81,9;82,4;82,2;83,3;85,8;86,2;84,1;85,1;85,8;80,2;78,7;78,4;81,8;81,0;83,4;87,1;90,8;91,1;92,6;96,1;99,6;96,8;97,5;99,0;101,1;100,9;98,7;101,2;100,9;100,7;100,0;100,9;101,4;99,2;99,7;98,5;101,5;100,3;100,8;102,0;104,5;103,8;104,7;108,8;112,7;113,8;115,4;117,3;123,3;122,7;126,2;130,7;135,7;136,9;139,0;145,2;151,2;149,4;150,9;153,8
;;;;;;;;;;;;;;;;;;;;;;;;;;;;;;;;;;;;;;;;;;;;;;;;;;;;;;;;;;;;;;;;;;;;;;;;;;;;;;;;;;;;;;;;;;;;;;;;;;;;;;;;;;;;;;;;;;;;;;;;
;;Rhône-alpes (données brutes en base 100 en moyenne en 2015);;;;;;;;;;;;;;;;;;;;;;;;;;;;;;;;;;;;;;;;;;;;;;;;;;;;;;;;;;;;;;;;;;;;;;;;;;;;;;;;;;;;;;;;;;;;;;;;;;;;;;;;;;;;;;;;;;;;;;
010567106;IPLA-REG82-E-BRUT-2015;Rhône-Alpes - Ensemble;;;;;;;;;;;;39,1;38,7;38,6;39,7;39,4;38,8;39,6;40,8;40,1;38,4;40,3;40,5;40,3;38,8;40,4;41,0;41,0;41,3;42,6;44,5;44,5;44,9;46,5;48,6;48,3;48,8;50,5;52,6;52,2;52,9;55,3;57,6;58,2;59,2;62,1;65,4;66,8;68,7;73,1;76,7;79,0;81,7;85,5;89,8;90,7;93,3;96,7;100,1;100,6;100,4;102,3;104,0;104,4;102,6;102,3;102,7;97,5;93,1;92,3;94,8;94,5;95,3;98,0;101,2;101,3;100,7;103,2;105,8;104,1;102,7;103,9;104,5;102,6;101,6;101,9;103,4;101,9;101,1;102,2;102,6;100,2;99,1;99,3;101,0;100,6;99,8;100,8;103,0;101,9;102,0;103,2;105,8;105,0;105,0;106,2;109,5;108,3;109,2;110,8;114,4;114,4;115,5;118,2;121,0;122,6;123,7;126,3
010567104;IPLA-REG82-A-BRUT-2015;Rhône-Alpes - Appartements;;;;;;;;;;;;40,2;39,8;39,5;40,2;39,7;39,0;39,5;40,4;39,7;38,2;39,4;38,7;38,5;37,1;38,2;38,7;39,1;39,3;39,9;41,5;41,7;42,0;43,3;44,8;44,7;45,2;46,5;48,3;48,0;48,4;50,8;52,8;53,6;54,7;57,7;60,7;62,5;64,7;69,2;72,5;75,3;77,7;82,6;86,4;87,8;90,3;94,3;98,2;98,3;97,2;99,4;101,1;101,6;99,6;100,1;99,9;95,3;91,8;90,9;93,1;92,9;93,9;96,8;100,1;100,7;100,0;102,3;105,1;103,8;102,3;103,5;104,3;103,4;101,2;102,6;103,7;102,3;101,1;102,1;102,4;100,4;99,6;99,4;100,6;100,4;99,1;99,8;101,7;100,7;101,2;103,0;105,3;104,6;105,2;105,7;109,5;108,6;109,1;111,5;114,9;115,6;116,7;120,4;123,4;124,0;125,4;128,4
010567108;IPLA-REG82-M-BRUT-2015;Rhône-Alpes - Maisons;;;;;;;;;;;;37,0;36,5;36,8;38,4;38,4;38,1;39,0;40,8;40,1;38,2;41,0;42,7;42,3;40,6;42,9;43,6;43,1;43,7;45,8;48,3;47,8;48,6;50,5;53,4;52,7;53,4;55,6;58,1;57,6;58,5;61,0;63,6;64,1;65,0;67,2;71,8;72,3;74,8;77,8;81,6;83,1;86,4;88,5;93,6;93,7;96,3;98,8;101,6;102,4;103,6;105,1;106,6;106,9;105,3;104,3;105,2;99,5;94,2;93,4;96,4;96,0;96,5;99,1;102,1;101,8;101,4;104,1;106,4;104,4;103,1;104,2;104,8;101,8;102,1;101,2;103,1;101,4;101,1;102,3;102,7;99,9;98,6;99,2;101,4;100,8;100,5;101,8;104,4;103,2;102,8;103,3;106,4;105,5;104,8;106,7;109,5;108,0;109,4;110,2;114,1;113,5;114,5;116,2;118,9;121,5;122,3;124,6
;;;;;;;;;;;;;;;;;;;;;;;;;;;;;;;;;;;;;;;;;;;;;;;;;;;;;;;;;;;;;;;;;;;;;;;;;;;;;;;;;;;;;;;;;;;;;;;;;;;;;;;;;;;;;;;;;;;;;;;;
;;Hauts-de-France (données brutes en base 100 en moyenne en 2015);;;;;;;;;;;;;;;;;;;;;;;;;;;;;;;;;;;;;;;;;;;;;;;;;;;;;;;;;;;;;;;;;;;;;;;;;;;;;;;;;;;;;;;;;;;;;;;;;;;;;;;;;;;;;;;;;;;;;;
010567124;IPLA-REG32-E-BRUT-2015;Hauts-de-France - Ensemble;;;;;;;;;;;;;;;;;;;;;;;;;;;;;;;;;;;;;;;;;;;;;;;;;;;;;;;;;;;;;;;;;;;;;;;;;101,0;102,9;105,9;106,2;106,6;108,1;109,7;108,3;106,5;106,9;107,8;105,8;105,2;103,2;105,1;104,0;102,6;102,0;102,6;99,8;99,7;99,2;101,2;99,9;99,3;99,3;101,9;101,1;101,2;101,5;103,8;102,7;102,1;102,7;105,3;104,4;104,1;104,7;107,9;106,4;108,3;110,2;112,7;113,9;114,3;115,7
010567122;IPLA-REG32-A-BRUT-2015;Hauts-de-France - Appartements;;;;;;;;;;;;;;;;;;;;;;;;;;;;;;;;;;;;;;;;;;;;;;;;;;;;;;;;;;;;;;;;;;;;;;;;;102,3;104,9;107,8;110,5;107,3;109,4;112,5;111,3;110,1;111,2;112,2;110,1;108,6;107,4;108,9;108,6;105,4;105,6;104,4;101,6;100,4;100,2;100,1;99,3;98,2;97,9;98,5;100,4;98,7;100,3;102,3;100,3;98,7;101,2;102,3;102,3;101,7;103,0;104,8;106,6;108,3;111,0;111,0;114,2;115,7;118,2
010567126;IPLA-REG32-M-BRUT-2015;Hauts-de-France - Maisons;;;;;;;;;;;;;;;;;;;;;;;;;;;;;;;;;;;;;;;;;;;;;;;;;;;;;;;;;;;;;;;;;;;;;;;;;100,7;102,4;105,4;105,4;106,4;107,8;109,2;107,7;105,8;106,1;106,9;104,9;104,5;102,4;104,3;103,1;102,1;101,3;102,2;99,4;99,6;99,0;101,4;100,0;99,5;99,6;102,5;101,2;101,6;101,8;104,0;103,1;102,7;102,9;105,8;104,8;104,5;105,0;108,4;106,4;108,3;110,0;113,0;113,9;114,1;115,3
010567008;IPLA-A_59350-M-BRUT-2015;Agglomération de Lille - Maisons;;;;;;;;;;;;;;;;;;;;;;;;;;;;;;;;;;;;;;;;;;;;;;;;;;;;;;;;;;;;;;;;99,0;99,5;100,1;99,8;94,9;91,3;89,9;90,8;91,5;92,5;94,9;98,3;96,9;99,1;102,6;103,8;101,7;102,8;101,8;103,0;100,9;101,1;101,0;102,3;100,7;101,0;100,9;101,9;97,6;100,0;97,2;103,1;99,7;99,8;100,4;104,4;101,5;102,1;101,9;105,7;105,1;104,1;105,8;110,1;109,5;108,9;109,7;112,8;110,4;114,2;115,8;121,4;122,0;121,8;123,1
;;;;;;;;;;;;;;;;;;;;;;;;;;;;;;;;;;;;;;;;;;;;;;;;;;;;;;;;;;;;;;;;;;;;;;;;;;;;;;;;;;;;;;;;;;;;;;;;;;;;;;;;;;;;;;;;;;;;;;;;
;;Nord-Pas-de-Calais (données brutes en base 100 en moyenne en 2015);;;;;;;;;;;;;;;;;;;;;;;;;;;;;;;;;;;;;;;;;;;;;;;;;;;;;;;;;;;;;;;;;;;;;;;;;;;;;;;;;;;;;;;;;;;;;;;;;;;;;;;;;;;;;;;;;;;;;;
010567100;IPLA-REG31-E-BRUT-2015;Nord-Pas-de-Calais - Ensemble;;;;;;;;;;;;;;;;;;;;;;;;;;;;;;;;;;;;;;;;;;;;;;;;;;;;;;;;;;;;;;;;106,1;106,5;106,3;106,4;102,5;97,9;96,7;98,1;99,0;99,0;101,3;104,5;104,8;105,5;107,3;108,7;106,7;104,9;105,7;106,5;104,8;103,8;103,5;104,7;103,8;102,5;102,0;102,5;99,3;99,8;98,8;101,5;99,9;99,8;99,8;102,5;101,3;101,8;102,2;104,0;103,3;102,7;103,3;106,3;105,9;105,3;105,9;109,1;107,5;110,1;112,2;114,5;116,1;116,7;118,0
010567098;IPLA-REG31-A-BRUT-2015;Nord-Pas-de-Calais - Appartements;;;;;;;;;;;;;;;;;;;;;;;;;;;;;;;;;;;;;;;;;;;;;;;;;;;;;;;;;;;;;;;;105,9;104,1;104,2;106,1;101,4;95,8;98,1;99,8;101,6;100,8;103,7;107,5;110,3;106,8;108,8;111,7;111,2;108,9;111,1;112,8;109,3;107,7;107,4;108,8;108,7;105,4;105,7;104,0;101,1;99,6;100,6;100,8;99,0;98,0;98,7;99,6;101,1;100,1;101,7;103,7;102,0;99,7;102,1;103,9;104,2;103,2;104,5;106,6;108,8;111,1;113,3;113,8;116,8;118,8;121,4
010567102;IPLA-REG31-M-BRUT-2015;Nord-Pas-de-Calais - Maisons;;;;;;;;;;;;;;;;;;;;;;;;;;;;;;;;;;;;;;;;;;;;;;;;;;;;;;;;;;;;;;;;106,0;106,7;106,5;106,2;102,5;98,0;96,4;97,7;98,4;98,5;100,8;103,9;103,7;105,1;106,9;108,1;105,7;104,1;104,6;105,3;103,9;103,1;102,7;103,9;102,8;101,9;101,3;102,2;98,9;99,9;98,4;101,7;100,0;100,1;100,0;103,0;101,4;102,2;102,3;104,1;103,5;103,2;103,5;106,7;106,2;105,6;106,2;109,6;107,3;109,9;112,1;114,7;116,1;116,3;117,5
;;;;;;;;;;;;;;;;;;;;;;;;;;;;;;;;;;;;;;;;;;;;;;;;;;;;;;;;;;;;;;;;;;;;;;;;;;;;;;;;;;;;;;;;;;;;;;;;;;;;;;;;;;;;;;;;;;;;;;;;
;;Province (données brutes en base 100 en moyenne en 2015);;;;;;;;;;;;;;;;;;;;;;;;;;;;;;;;;;;;;;;;;;;;;;;;;;;;;;;;;;;;;;;;;;;;;;;;;;;;;;;;;;;;;;;;;;;;;;;;;;;;;;;;;;;;;;;;;;;;;;
010567072;IPLA-PR-E-BRUT-2015;Province - Ensemble;;;;;;;;;;;;41,0;40,6;40,8;42,4;41,7;41,4;42,4;43,5;43,4;41,7;43,6;44,2;44,2;43,1;44,4;45,5;45,4;45,8;47,1;48,9;49,0;49,5;51,1;53,0;52,7;53,3;55,2;56,9;57,1;57,7;59,8;62,6;63,4;64,4;67,1;70,1;71,6;73,7;77,0;81,1;83,3;85,6;89,3;93,6;95,4;97,4;100,4;103,9;104,9;104,9;106,9;109,4;110,0;108,9;108,6;108,9;104,8;100,2;98,9;100,6;100,9;101,0;102,8;105,7;106,5;105,9;107,4;109,5;108,1;106,3;106,3;107,1;105,4;103,6;103,4;104,2;103,3;101,8;102,3;102,9;100,5;99,3;99,5;100,9;100,3;99,6;99,7;102,0;101,3;101,7;102,5;104,7;104,0;104,1;104,9;107,5;107,0;106,8;107,9;110,7;110,9;111,9;113,7;116,2;118,0;119,1;121,6
010567062;IPLA-PR-A-BRUT-2015;Province - Appartements;;;;;;;;;;;;42,6;42,1;42,2;42,9;41,9;41,6;42,2;42,7;42,4;41,3;42,0;41,3;41,2;40,4;41,4;42,3;42,2;42,3;43,3;44,6;44,9;45,1;46,5;47,8;47,8;48,3;50,0;51,1;51,8;52,2;54,3;56,9;58,0;58,9;62,0;65,1;66,6;69,5;73,0;77,0;79,5;81,6;86,0;90,0;92,1;94,2;97,5;101,1;101,9;101,5;103,6;106,0;106,7;105,7;105,9;105,9;102,8;98,5;97,5;99,4;99,8;100,0;101,9;105,0;105,9;105,0;106,7;109,1;108,5;106,7;106,8;107,1;106,2;103,9;103,8;105,1;104,4;102,6;102,7;103,1;101,2;99,7;99,5;100,7;100,1;98,8;99,0;100,4;100,6;100,7;101,8;103,9;103,7;103,4;103,8;106,6;106,2;106,4;107,7;110,2;111,4;112,8;114,8;117,5;118,8;119,9;122,6
010567074;IPLA-PR-M-BRUT-2015;Province - Maisons;;;;;;;;;;;;39,4;39,1;39,4;41,6;41,1;40,8;42,1;43,6;43,7;41,6;44,2;45,8;45,9;44,6;46,2;47,5;47,3;47,9;49,5;51,6;51,6;52,3;54,0;56,2;55,9;56,5;58,5;60,6;60,4;61,3;63,3;66,2;66,8;67,9;70,2;73,3;74,4;76,4;79,2;83,3;85,3;87,6;90,8;95,4;96,9;98,7;101,5;104,9;106,0;106,4;108,3;110,7;111,4;110,2;109,6;110,1;105,5;100,9;99,4;101,1;101,2;101,3;103,1;105,9;106,7;106,2;107,6;109,6;107,9;106,1;106,0;107,1;105,0;103,5;103,2;103,8;102,8;101,3;102,1;102,8;100,2;99,1;99,5;101,0;100,4;100,0;100,1;102,7;101,7;102,2;102,8;105,1;104,2;104,5;105,4;108,0;107,4;107,1;108,1;111,0;110,6;111,5;113,2;115,6;117,7;118,8;121,2
010567064;IPLA-PRA+10000-A-BRUT-2015;Agglomérations de + de 10 000 h. - Appartements;;;;;;;;;;;;42,6;42,1;42,1;42,9;41,9;41,5;42,0;42,6;42,3;41,3;42,0;41,3;41,1;40,3;41,3;42,2;42,1;42,2;43,2;44,5;44,7;45,0;46,4;47,7;47,7;48,3;49,9;51,1;51,8;52,2;54,3;56,9;58,0;59,0;62,0;65,2;66,7;69,7;73,2;77,2;79,4;81,7;86,0;90,0;92,1;94,2;97,4;100,8;101,6;101,6;103,4;105,8;106,4;105,6;105,8;105,7;102,6;98,4;97,2;99,3;99,6;99,8;101,7;104,9;105,8;105,1;106,8;109,2;108,5;106,9;107,0;107,4;106,4;104,2;104,0;105,3;104,5;102,7;102,7;103,2;101,2;99,7;99,5;100,7;100,1;98,9;99,0;100,5;100,7;100,7;101,9;104,1;103,8;103,7;104,1;107,0;106,5;106,9;108,1;110,8;111,9;113,4;115,5;118,2;119,5;120,7;123,2
010567070;IPLA-PRA+10000V-A-BRUT-2015;Agglomérations de + de 10 000 h. - Villes centres - Appartements;;;;;;;;;;;;43,0;42,3;42,4;43,7;42,3;42,1;42,4;43,1;43,0;41,9;42,5;42,0;41,7;40,9;41,8;42,9;42,6;42,8;43,9;45,3;45,4;45,6;46,9;48,3;48,1;48,5;50,2;51,3;51,9;52,4;54,2;57,1;58,0;59,0;61,9;65,1;66,7;69,6;73,2;77,2;79,1;81,3;86,0;89,9;91,9;94,2;97,2;101,0;101,6;101,2;103,3;105,5;105,7;104,8;104,9;105,1;101,5;97,6;96,6;99,0;98,9;99,2;101,4;104,6;105,4;104,9;106,6;109,0;108,0;106,3;106,6;107,2;106,2;103,9;103,8;105,2;104,4;102,7;102,9;103,4;101,1;99,8;99,5;100,8;100,0;98,8;99,2;100,8;100,7;101,0;102,4;104,6;104,7;104,5;105,0;108,1;107,6;107,9;109,5;112,2;113,7;115,4;117,9;121,0;122,0;123,2;125,8
010567066;IPLA-PRA+10000B-A-BRUT-2015;Agglomérations de + de 10 000 h. - Banlieues - Appartements;;;;;;;;;;;;41,7;41,4;41,5;41,2;41,0;40,4;41,1;41,5;40,9;40,0;40,9;39,9;39,9;39,1;40,3;40,9;40,8;41,0;41,7;42,9;43,4;43,8;45,3;46,5;46,9;47,6;49,2;50,4;51,5;51,6;54,2;56,5;57,9;58,9;62,1;65,3;66,4;69,7;73,0;77,1;79,8;82,1;85,7;90,0;92,3;94,1;97,6;100,3;101,4;102,0;103,1;106,1;107,5;106,6;107,2;106,7;104,3;99,8;98,2;99,6;100,8;100,9;102,2;105,3;106,6;105,4;106,9;109,4;109,4;107,8;107,8;107,6;106,6;104,8;104,2;105,6;104,7;102,7;102,5;102,7;101,5;99,7;99,5;100,5;100,4;99,1;98,8;99,9;100,6;100,3;101,0;103,1;102,3;102,3;102,5;105,2;104,7;105,0;105,8;108,5;109,0;110,1;111,5;113,6;115,3;116,5;119,0
010567068;IPLA-PRA-10000R-A-BRUT-2015;Agglomération de - de 10 000 h et rural - Appartements;;;;;;;;;;;;42,7;42,2;42,6;42,6;42,4;42,4;44,1;43,9;44,0;41,3;42,4;41,2;41,9;41,9;42,5;42,5;43,4;43,6;44,3;44,8;46,3;45,6;47,3;48,5;48,4;48,2;50,6;50,9;51,8;51,6;54,2;55,7;57,6;57,6;61,0;63,2;65,0;66,9;70,0;74,7;79,9;80,1;85,8;89,6;91,0;93,2;97,9;103,8;105,2;100,0;105,2;107,6;108,8;106,4;107,2;106,9;104,4;99,6;99,8;100,6;101,6;100,9;103,2;105,3;106,6;104,2;106,5;108,5;108,2;105,3;105,1;105,0;104,8;101,4;102,5;103,1;103,1;101,8;102,6;102,7;100,9;99,3;99,8;101,0;99,9;97,6;99,3;100,0;99,8;100,6;101,2;102,4;102,3;101,2;101,8;103,2;103,4;102,5;104,0;105,3;106,6;107,7;109,1;110,7;112,9;113,4;117,0
;;;;;;;;;;;;;;;;;;;;;;;;;;;;;;;;;;;;;;;;;;;;;;;;;;;;;;;;;;;;;;;;;;;;;;;;;;;;;;;;;;;;;;;;;;;;;;;;;;;;;;;;;;;;;;;;;;;;;;;;
Données corrigées des variations saisonnières (CVS);;;;;;;;;;;;;;;;;;;;;;;;;;;;;;;;;;;;;;;;;;;;;;;;;;;;;;;;;;;;;;;;;;;;;;;;;;;;;;;;;;;;;;;;;;;;;;;;;;;;;;;;;;;;;;;;;;;;;;;;
;;France hors Mayotte - CVS;;;;;;;;;;;;;;;;;;;;;;;;;;;;;;;;;;;;;;;;;;;;;;;;;;;;;;;;;;;;;;;;;;;;;;;;;;;;;;;;;;;;;;;;;;;;;;;;;;;;;;;;;;;;;;;;;;;;;;
010567119;IPLA-FE-E-CVS-2015;France hors Mayotte - Ensemble ;;;;;;;;;;;;;;;;;;;;;;;;;;;;;;;;;;;;;;;;;;;;;;;;;;;;;;;;;;;;;;;;;;;;;;;;;98,0;99,6;101,1;103,2;104,7;106,4;107,2;107,0;106,6;106,2;105,5;104,9;104,5;103,8;103,1;103,0;102,6;102,4;101,6;100,4;100,0;99,7;99,8;100,0;100,3;100,4;101,1;101,5;102,7;103,4;104,4;104,7;105,6;106,4;107,5;108,2;108,7;109,7;111,1;112,3;114,1;115,9;116,9;119,4;120,9;122,7
010567117;IPLA-FE-A-CVS-2015;France hors Mayotte - Appartements ;;;;;;;;;;;;;;;;;;;;;;;;;;;;;;;;;;;;;;;;;;;;;;;;;;;;;;;;;;;;;;;;;;;;;;;;;93,8;95,8;97,9;100,5;102,6;105,3;106,5;106,8;106,5;106,3;105,7;105,3;104,8;104,3;103,9;103,5;103,4;102,9;101,9;101,1;100,4;99,9;99,9;100,0;100,0;100,4;100,9;101,6;103,0;104,1;105,4;105,9;106,7;107,4;109,0;109,6;110,7;112,1;113,5;115,5;117,8;119,8;121,0;122,8;123,8;125,3
010567121;IPLA-FE-M-CVS-2015;France hors Mayotte - Maisons ;;;;;;;;;;;;;;;;;;;;;;;;;;;;;;;;;;;;;;;;;;;;;;;;;;;;;;;;;;;;;;;;;;;;;;;;;101,3;102,8;103,8;105,6;106,6;107,8;108,2;107,5;107,0;106,4;105,7;104,8;104,4;103,7;102,8;102,8;102,1;102,2;101,7;100,1;100,0;99,8;100,1;100,3;100,8;100,6;101,6;101,7;103,0;103,3;104,0;104,2;105,3;106,1;106,9;107,6;107,7;108,5;109,7;110,4;112,0;113,6;114,4;117,5;119,3;121,4
;;;;;;;;;;;;;;;;;;;;;;;;;;;;;;;;;;;;;;;;;;;;;;;;;;;;;;;;;;;;;;;;;;;;;;;;;;;;;;;;;;;;;;;;;;;;;;;;;;;;;;;;;;;;;;;;;;;;;;;;
;;France métropolitaine  - CVS;;;;;;;;;;;;;;;;;;;;;;;;;;;;;;;;;;;;;;;;;;;;;;;;;;;;;;;;;;;;;;;;;;;;;;;;;;;;;;;;;;;;;;;;;;;;;;;;;;;;;;;;;;;;;;;;;;;;;;
010567059;IPLA-FM-E-CVS-2015;France métropolitaine - Ensemble ;;;;;;;;;;;;;;;;;41,4;41,4;41,5;41,9;40,9;41,6;41,3;41,8;41,6;42,0;42,4;42,9;44,0;44,5;45,6;46,5;47,8;48,6;49,6;50,4;51,5;52,6;53,4;54,4;55,3;56,7;58,3;59,9;61,5;63,4;65,2;67,5;70,2;72,6;75,3;78,2;81,1;84,1;87,1;89,8;92,6;95,0;97,0;98,7;100,2;101,4;102,6;104,1;104,6;104,2;103,1;100,2;96,9;94,8;95,0;96,1;98,0;99,7;101,2;103,4;104,9;106,7;107,4;107,2;106,8;106,3;105,7;105,1;104,7;104,0;103,3;103,2;102,7;102,6;101,8;100,6;100,2;99,8;99,9;100,1;100,4;100,5;101,2;101,6;102,9;103,6;104,5;104,9;105,9;106,6;107,7;108,4;108,9;110,0;111,3;112,5;114,4;116,2;117,1;119,7;121,1;123,0
010567057;IPLA-FM-A-CVS-2015;France métropolitaine - Appartements ;;;;;;;;;;;;;;;;;39,2;38,9;38,6;38,6;37,8;37,8;36,9;37,1;37,0;37,3;37,5;37,9;38,7;39,1;40,0;40,9;41,9;42,8;43,6;44,2;45,3;46,1;46,9;47,9;48,7;50,0;51,6;53,2;54,8;56,8;58,6;60,6;63,5;65,9;68,5;71,3;74,1;77,0;80,0;82,4;85,2;87,4;89,4;91,1;92,3;93,4;94,8;96,6;97,3;97,5;96,7;94,8;91,9;89,9;90,3;91,5;93,7;95,8;97,9;100,4;102,7;105,3;106,5;106,8;106,5;106,3;105,7;105,3;104,8;104,3;103,8;103,5;103,3;102,9;101,9;101,0;100,4;99,9;99,9;99,9;100,0;100,4;100,9;101,5;103,0;104,1;105,4;105,9;106,7;107,4;109,0;109,7;110,8;112,1;113,6;115,6;117,8;119,9;121,0;122,9;123,8;125,3
010567061;IPLA-FM-M-CVS-2015;France métropolitaine - Maisons ;;;;;;;;;;;;;;;;;42,9;43,2;43,6;44,5;43,4;44,8;45,1;45,9;45,7;46,4;46,7;47,4;48,8;49,5;50,6;51,6;53,1;54,0;55,1;56,0;57,1;58,6;59,4;60,3;61,4;62,8;64,4;65,9;67,4;69,2;71,1;73,5;76,0;78,3;81,2;84,1;87,0;90,0;93,1;95,9;98,7;101,1;103,1;105,0;106,7;108,0;108,8;110,1;110,3;109,5;108,1;104,4;100,8;98,7;98,7;99,6;101,4;102,7;103,8;105,6;106,6;107,7;108,1;107,6;107,1;106,4;105,7;104,9;104,5;103,7;102,8;102,9;102,2;102,3;101,7;100,2;100,0;99,8;100,0;100,3;100,8;100,6;101,6;101,7;102,9;103,3;104,0;104,2;105,3;106,0;106,8;107,5;107,6;108,4;109,7;110,4;111,9;113,6;114,3;117,4;119,2;121,3
;;;;;;;;;;;;;;;;;;;;;;;;;;;;;;;;;;;;;;;;;;;;;;;;;;;;;;;;;;;;;;;;;;;;;;;;;;;;;;;;;;;;;;;;;;;;;;;;;;;;;;;;;;;;;;;;;;;;;;;;
;;Ile-de-France - CVS;;;;;;;;;;;;;;;;;;;;;;;;;;;;;;;;;;;;;;;;;;;;;;;;;;;;;;;;;;;;;;;;;;;;;;;;;;;;;;;;;;;;;;;;;;;;;;;;;;;;;;;;;;;;;;;;;;;;;;
010567013;IPLA-DEP75-A-CVS-2015;Paris - Appartements ;40,2;38,8;38,1;37,9;36,4;36,0;35,6;35,6;35,8;35,8;35,5;34,6;34,4;33,4;32,7;31,9;31,0;30,5;30,1;29,9;28,9;29,0;28,3;28,4;28,5;28,7;28,9;29,5;30,6;31,0;32,2;33,2;34,7;35,8;36,5;37,3;38,5;38,8;39,9;40,5;41,0;42,0;43,5;45,0;46,3;47,8;48,9;50,2;52,0;54,2;55,4;57,6;59,6;61,4;63,9;65,6;67,3;69,1;70,5;71,9;73,6;75,0;76,9;79,4;80,6;82,2;82,4;81,2;78,9;76,2;76,7;78,1;81,1;84,3;87,5;92,2;97,3;102,7;104,5;105,3;104,1;105,4;105,3;104,3;104,5;103,6;103,2;102,8;102,7;102,6;101,2;100,4;99,8;99,6;100,1;100,8;101,2;102,6;103,7;105,1;106,8;109,5;111,8;114,2;114,9;117,1;118,9;120,8;122,6;124,8;126,5;129,3;132,2;134,2;135,3;136,1;134,7;133,8
010567015;IPLA-DEP77-A-CVS-2015;Seine et Marne - Appartements ;;;;;;;;;;;;;;;;;46,7;45,6;44,7;44,9;43,5;43,3;43,3;43,0;43,7;43,0;42,8;43,5;42,9;43,5;45,0;45,1;46,3;47,0;46,6;46,7;49,1;49,2;50,2;51,3;51,8;53,3;55,1;56,1;57,7;59,1;60,6;62,3;65,2;67,6;71,0;74,5;76,9;81,5;85,2;88,6;93,8;97,0;98,6;101,1;102,8;103,7;104,4;105,4;106,5;105,6;104,6;102,2;98,6;97,1;97,1;98,7;100,3;102,1;103,8;104,8;106,8;107,7;107,3;107,0;108,0;107,0;106,1;106,5;105,8;105,9;105,7;104,5;103,7;102,5;102,5;101,2;100,4;100,3;99,6;99,4;98,6;98,6;99,5;100,0;101,8;100,9;100,8;100,9;100,2;100,5;101,3;100,8;100,8;101,5;102,1;103,4;104,9;105,7;106,1;107,7;108,0;110,4
010567021;IPLA-DEP78-A-CVS-2015;Yvelines - Appartements ;;;;;;;;;;;;;;;;;46,2;44,2;42,8;42,9;41,7;41,6;41,1;41,3;41,6;41,9;42,3;42,8;43,0;43,7;45,1;45,6;47,6;48,1;49,6;50,2;51,0;52,4;52,8;54,5;54,4;55,8;57,1;58,2;60,5;62,0;63,6;66,3;69,4;69,8;73,4;76,0;78,9;81,9;84,7;87,0;88,9;91,8;93,3;94,5;95,9;97,1;97,6;98,6;99,2;99,3;99,0;97,1;93,4;90,6;90,8;92,6;94,7;96,6;98,6;100,6;103,2;106,3;107,4;108,0;108,0;107,2;106,8;107,7;106,7;106,1;105,5;104,3;104,0;103,8;102,7;103,4;100,7;99,9;100,0;99,4;99,7;100,3;100,8;101,4;101,9;102,3;103,4;103,4;103,7;103,3;104,7;103,8;104,7;105,2;106,2;108,3;109,3;111,2;111,8;113,1;114,4;115,7
010567027;IPLA-DEP91-A-CVS-2015;Essonne - Appartements ;;;;;;;;;;;;;;;;;47,1;48,8;47,9;47,7;45,6;45,4;44,5;45,0;44,7;44,4;44,5;44,1;45,2;45,1;45,8;45,7;46,4;46,9;47,6;48,2;48,7;49,5;49,9;50,4;51,0;52,5;53,1;54,8;56,5;57,8;60,0;62,4;64,7;67,7;72,0;75,3;78,6;82,5;86,3;89,7;94,2;97,9;99,6;101,6;102,7;103,8;103,5;105,0;106,1;105,6;104,5;102,1;98,2;96,6;96,5;98,0;100,1;101,4;103,0;104,6;106,6;108,2;109,0;108,2;108,9;107,4;107,0;107,7;106,6;106,7;106,1;104,7;104,4;103,7;102,5;101,1;100,5;100,0;99,6;99,7;99,3;99,4;99,9;99,9;101,3;100,6;100,7;100,5;100,9;100,7;101,8;101,7;101,5;102,1;103,3;104,3;106,0;107,8;108,1;110,0;110,6;111,7
010567033;IPLA-DEP92-A-CVS-2015;Hauts de Seine - Appartements ;49,0;48,9;46,1;44,7;44,8;42,9;43,6;43,4;43,1;43,4;43,2;42,5;41,7;40,9;40,0;39,4;38,6;38,1;37,0;37,1;36,1;35,5;35,5;35,4;35,2;35,3;35,3;35,7;36,3;36,7;37,8;38,8;39,8;40,9;42,1;42,7;43,5;44,1;45,2;45,7;46,5;48,3;49,3;50,5;52,5;54,2;55,5;57,9;59,9;62,0;64,0;66,3;68,4;70,8;73,9;75,5;77,6;79,5;81,0;82,3;84,2;85,2;86,6;88,7;89,1;89,3;89,3;87,9;84,8;82,4;82,7;84,2;86,8;89,4;91,6;94,7;97,5;101,6;103,6;104,5;104,5;103,8;104,2;104,0;103,7;103,6;102,6;102,2;102,8;102,2;101,1;102,0;100,6;99,9;99,7;99,3;100,1;100,9;101,6;101,8;103,4;104,8;106,9;106,3;108,0;109,0;111,0;111,5;112,7;114,2;116,1;118,2;120,4;122,7;124,0;126,0;126,8;127,7
010567039;IPLA-DEP93-A-CVS-2015;Seine St Denis - Appartements ;47,4;47,9;48,5;48,8;47,8;46,7;45,6;45,4;46,0;45,9;46,1;44,4;43,9;43,9;42,1;42,1;41,8;40,2;40,0;39,1;37,7;37,7;36,0;36,3;35,9;35,6;35,3;35,3;35,9;35,9;36,1;36,7;36,8;37,7;38,5;38,9;39,3;40,3;41,0;41,7;42,9;44,0;45,0;46,3;47,6;49,1;51,1;53,3;55,8;57,9;60,7;63,7;67,2;70,9;75,2;77,5;81,6;84,7;87,1;88,4;90,5;92,3;93,5;94,9;95,3;95,1;94,2;92,5;89,7;87,9;88,2;89,2;91,8;93,3;95,6;98,5;100,2;103,4;105,1;104,8;104,9;104,1;104,4;103,9;103,5;104,3;103,0;102,3;103,2;102,2;101,5;101,6;100,8;100,3;99,8;99,6;99,8;100,4;101,0;100,5;102,6;103,0;105,1;104,0;106,2;107,1;109,0;110,3;111,5;113,3;114,9;116,9;119,6;122,8;123,8;126,8;126,3;128,0
010567045;IPLA-DEP94-A-CVS-2015;Val de Marne - Appartements ;47,0;47,4;46,4;45,5;45,4;44,7;44,7;44,5;44,7;44,8;44,8;43,3;43,1;42,3;41,2;40,5;40,0;39,5;39,3;39,4;38,0;37,8;36,9;36,9;36,6;36,5;36,5;36,6;37,3;37,3;38,3;39,0;39,7;40,4;41,3;41,9;42,5;43,3;44,1;45,0;46,3;47,5;48,8;50,2;51,5;53,6;55,0;57,5;60,0;62,3;65,7;67,3;70,5;73,8;76,9;79,0;82,5;84,7;86,3;87,7;88,0;90,2;90,8;92,6;92,9;92,8;92,2;90,8;87,7;85,8;86,1;87,4;90,1;92,0;94,1;97,4;99,2;102,8;104,6;104,5;104,8;104,0;104,3;104,0;103,8;104,1;102,8;102,7;103,1;102,5;101,7;101,4;100,6;100,0;99,7;99,6;99,9;100,7;101,4;101,6;103,2;103,8;105,6;104,8;106,0;106,7;108,1;109,3;110,2;111,4;113,1;114,6;116,9;119,8;120,4;123,6;124,2;124,8
010567051;IPLA-DEP95-A-CVS-2015;Val d'Oise - Appartements ;;;;;;;;;;;;;;;;;43,9;42,8;41,8;41,6;40,2;40,3;40,1;40,6;40,0;40,4;39,8;40,0;40,3;40,3;41,2;41,3;43,2;42,9;43,6;43,4;44,8;46,3;46,6;47,8;48,6;49,3;50,5;51,8;53,1;55,0;57,9;58,9;61,8;65,3;68,3;72,0;75,0;78,8;82,3;87,0;90,5;94,0;95,8;97,4;100,0;100,4;101,5;104,1;104,9;104,5;103,4;101,2;97,4;95,8;95,9;97,3;99,4;100,9;102,3;104,2;105,9;107,7;108,6;107,9;108,3;107,1;106,8;107,4;106,8;106,6;105,8;104,9;104,3;103,7;103,0;101,5;100,8;100,2;99,6;99,5;99,4;99,6;100,2;100,9;101,8;101,1;101,3;101,3;101,2;101,5;102,4;102,1;102,5;102,7;104,0;105,2;106,8;108,8;109,2;111,5;111,6;113,0
010567093;IPLA-REG11_PC-A-CVS-2015;Petite Couronne - Appartements ;48,1;48,3;46,5;45,5;45,4;44,0;44,2;44,0;43,9;44,1;44,0;43,0;42,4;41,7;40,6;40,1;39,5;38,8;38,1;38,0;36,9;36,5;35,9;35,9;35,7;35,6;35,6;35,8;36,5;36,7;37,6;38,5;39,3;40,2;41,3;41,8;42,5;43,2;44,2;44,8;45,8;47,3;48,4;49,7;51,4;53,2;54,6;57,0;59,2;61,3;63,9;66,1;68,7;71,6;74,9;76,7;79,5;81,7;83,4;84,7;86,2;87,6;88,8;90,7;91,0;91,2;90,8;89,4;86,3;84,1;84,5;85,8;88,5;90,7;92,9;96,0;98,4;102,2;104,1;104,5;104,6;103,9;104,2;104,0;103,7;103,8;102,7;102,4;102,9;102,2;101,3;101,8;100,6;100,0;99,7;99,5;100,0;100,8;101,5;101,6;103,2;104,3;106,3;105,6;107,2;108,2;109,9;110,7;111,9;113,3;115,2;117,1;119,4;122,0;123,1;125,5;126,0;127,0
010567081;IPLA-REG11_GC-A-CVS-2015;Grande Couronne - Appartements ;;;;;;;;;;;;;;;;;46,1;45,2;44,0;44,0;42,5;42,5;42,0;42,2;42,3;42,4;42,4;42,7;43,0;43,4;44,6;44,8;46,4;46,8;47,7;48,1;49,1;50,3;50,7;52,0;52,3;53,6;54,8;56,1;57,9;59,5;61,5;63,6;66,5;68,3;71,9;75,0;78,0;81,5;84,8;88,0;91,2;94,4;96,0;97,6;99,2;100,2;100,7;102,2;103,0;102,7;102,0;99,8;96,0;94,0;94,1;95,7;97,7;99,4;101,1;102,9;105,0;107,2;108,0;107,9;108,2;107,2;106,7;107,4;106,5;106,3;105,7;104,5;104,1;103,5;102,7;102,2;100,6;100,0;99,8;99,5;99,4;99,7;100,2;100,8;101,7;101,5;102,0;101,9;102,0;101,9;103,0;102,5;102,9;103,4;104,5;106,0;107,4;109,0;109,5;111,2;111,9;113,4
010567077;IPLA-REG11-A-CVS-2015;Ile-de-France - Appartements ;;;;;;;;;;;;;;;;;36,5;35,9;35,3;35,1;34,0;33,9;33,3;33,3;33,4;33,5;33,6;34,0;34,8;35,2;36,3;37,1;38,4;39,4;40,3;40,9;41,9;42,5;43,5;44,2;44,8;46,1;47,4;48,8;50,3;51,9;53,3;55,1;57,2;59,4;61,4;63,8;66,2;68,6;71,5;73,5;75,8;78,0;79,5;81,0;82,6;84,0;85,4;87,6;88,4;89,2;89,0;87,6;84,7;82,3;82,7;84,1;86,8;89,4;92,0;95,6;99,2;103,4;105,0;105,5;105,1;105,2;105,2;104,7;104,6;104,2;103,5;102,9;103,0;102,6;101,5;101,2;100,3;99,8;99,9;100,1;100,4;101,4;102,2;103,0;104,5;106,1;108,0;108,8;109,7;111,0;112,7;113,7;115,1;116,7;118,3;120,5;122,9;125,1;126,1;127,6;127,3;127,6
010567087;IPLA-REG11_HP-A-CVS-2015;Ile-de-France hors Paris- Appartements ;;;;;;;;;;;;;;;;;41,8;41,0;40,2;40,2;38,9;38,6;38,1;38,1;38,0;38,0;38,0;38,3;38,8;39,1;40,1;40,7;41,8;42,5;43,5;44,0;44,8;45,7;46,5;47,4;48,1;49,5;50,7;51,9;53,7;55,4;57,0;59,3;61,8;63,8;66,7;69,2;72,0;75,1;78,4;80,7;83,6;86,2;87,9;89,3;90,8;92,1;93,0;94,7;95,2;95,2;94,7;93,1;89,7;87,6;87,9;89,3;91,7;93,8;95,8;98,4;100,7;104,0;105,4;105,7;105,9;105,1;105,1;105,2;104,7;104,7;103,8;103,1;103,3;102,7;101,8;101,9;100,6;100,0;99,7;99,5;99,8;100,4;101,0;101,3;102,7;103,3;104,9;104,3;105,5;106,1;107,6;108,0;108,9;110,0;111,6;113,3;115,3;117,6;118,5;120,6;121,2;122,4
010567019;IPLA-DEP77-M-CVS-2015;Seine et Marne - Maisons ;;;;;;;;;;;;;;;;;46,2;46,8;46,8;47,4;46,6;47,2;46,7;47,5;48,0;47,9;48,4;49,0;50,1;50,5;51,6;52,3;53,5;54,3;55,6;55,8;57,4;58,6;59,3;59,7;61,2;62,4;63,2;64,5;65,7;67,5;69,7;72,4;74,5;76,5;80,2;81,7;85,2;88,4;91,8;95,6;98,6;102,1;103,6;106,1;107,5;109,2;109,7;110,3;110,0;109,8;107,6;103,8;98,9;95,6;96,3;96,7;100,1;101,1;102,8;104,2;105,3;106,9;106,8;107,2;107,7;106,8;105,8;105,8;105,3;104,6;103,9;103,8;102,0;101,6;101,7;100,0;100,1;99,9;99,8;99,9;100,2;100,5;100,9;101,3;102,3;102,5;103,5;103,4;104,4;104,1;104,4;105,3;103,9;104,5;105,1;105,0;107,1;108,9;109,3;112,0;114,1;114,7
010567025;IPLA-DEP78-M-CVS-2015;Yvelines - Maisons ;;;;;;;;;;;;;;;;;46,2;45,6;47,2;48,9;46,9;47,4;46,7;47,4;47,8;48,0;48,7;49,3;50,5;51,5;52,6;53,4;55,2;56,5;58,0;59,1;60,4;63,1;62,9;62,9;62,2;64,5;65,4;65,9;67,6;67,5;69,5;72,7;75,0;75,7;79,5;82,0;83,4;87,1;89,8;92,5;96,0;98,1;100,0;100,1;103,8;104,8;105,4;107,1;106,2;106,7;104,6;101,1;95,6;92,5;93,3;93,4;97,4;98,9;100,2;102,0;103,8;105,8;106,9;107,3;106,9;105,9;104,8;104,5;104,4;103,9;102,8;103,2;101,7;101,4;101,4;100,3;100,0;100,0;100,2;99,6;100,4;100,6;101,3;101,5;102,3;103,0;103,2;104,3;104,5;105,4;105,2;105,8;105,5;105,9;106,9;107,4;108,3;110,4;111,5;113,6;117,1;115,5
010567031;IPLA-DEP91-M-CVS-2015;Essonne - Maisons ;;;;;;;;;;;;;;;;;47,9;46,9;48,4;49,5;47,5;48,4;48,4;48,0;48,4;48,4;48,9;49,7;50,8;51,4;52,2;52,4;54,1;55,8;55,0;56,9;56,9;57,9;59,0;60,3;60,4;61,5;62,5;63,5;65,2;67,1;68,0;70,1;73,2;75,5;78,3;80,2;83,6;87,2;90,7;94,7;97,2;100,2;102,0;103,2;104,9;106,8;105,7;108,7;108,3;108,2;106,1;102,5;97,7;94,4;95,0;95,4;99,2;100,4;102,0;103,4;104,8;106,6;107,3;107,9;107,8;107,1;105,7;105,5;105,0;104,3;103,6;103,6;101,9;101,6;101,3;100,0;100,3;99,7;100,0;99,9;100,1;100,9;101,1;101,4;102,4;103,0;103,4;104,1;105,0;105,0;105,5;105,9;105,2;105,2;106,5;106,9;108,3;110,3;110,9;113,2;115,8;115,5
010567037;IPLA-DEP92-M-CVS-2015;Hauts de Seine - Maisons ;44,6;41,3;42,6;40,3;40,7;39,7;40,5;42,3;41,7;43,8;40,6;42,8;41,2;40,4;40,5;38,0;41,2;40,0;39,6;38,9;38,3;39,8;37,8;39,0;37,8;39,4;39,4;40,5;42,3;41,8;45,0;45,6;49,2;49,4;50,3;49,7;50,5;52,6;52,5;52,4;52,1;54,3;55,1;57,3;56,4;58,4;61,8;64,9;68,4;69,1;71,1;74,7;77,7;80,5;81,3;83,5;85,6;89,0;91,7;90,7;96,0;94,0;96,7;99,1;98,6;99,1;98,5;95,2;88,6;85,5;86,9;86,6;91,0;93,4;93,5;97,4;100,6;103,1;105,7;105,3;104,5;103,2;102,5;103,3;103,8;103,6;101,8;102,6;102,0;101,5;102,7;101,9;99,3;99,9;101,1;99,1;101,7;101,4;101,3;102,4;102,3;103,6;105,1;106,2;106,1;109,5;110,4;112,2;111,8;111,3;113,3;113,5;116,0;117,7;118,9;122,4;125,3;124,6
010567043;IPLA-DEP93-M-CVS-2015;Seine St Denis - Maisons ;47,7;47,2;46,9;47,7;46,8;47,5;47,5;46,6;47,2;46,2;46,8;45,7;45,3;44,1;43,8;44,2;44,2;45,0;44,2;44,8;43,2;43,5;43,1;43,3;44,3;43,9;44,4;43,6;45,5;46,4;47,0;48,2;48,7;48,5;50,0;50,9;52,1;53,4;53,7;54,6;55,9;56,1;58,9;59,2;59,9;63,1;63,7;65,7;68,7;71,6;74,7;77,5;80,4;82,3;86,4;90,1;93,4;96,8;98,3;100,3;101,8;103,7;103,1;104,7;105,3;104,4;104,0;100,7;96,8;94,1;93,1;95,0;97,3;98,9;100,7;102,3;104,1;106,1;108,9;108,7;107,6;108,0;105,9;106,6;106,0;105,9;104,2;103,1;103,1;102,2;101,4;99,4;100,4;98,6;99,7;100,6;100,1;101,3;101,5;101,6;102,9;103,6;104,8;104,5;105,1;106,3;107,3;108,9;107,9;108,0;109,5;109,5;111,9;114,2;113,8;117,7;118,3;119,9
010567049;IPLA-DEP94-M-CVS-2015;Val de Marne - Maisons ;44,6;46,0;45,7;44,7;44,9;44,3;44,9;45,3;45,5;46,4;45,4;45,7;45,8;41,7;43,1;42,5;43,1;43,1;42,8;42,9;42,9;42,5;42,7;43,1;43,2;44,6;43,7;43,9;45,4;45,4;47,3;48,5;49,6;50,2;51,6;52,7;53,1;56,2;57,0;56,7;56,9;57,5;59,3;59,4;61,6;63,3;64,7;69,0;69,0;72,8;74,9;78,4;79,5;83,6;86,2;90,2;94,6;93,6;97,3;98,7;102,7;102,8;103,9;103,7;103,7;103,4;102,7;99,7;94,3;91,3;91,5;92,4;95,6;97,6;98,5;101,1;103,2;105,2;107,2;107,2;106,6;106,3;104,7;105,3;105,1;104,7;103,4;103,1;102,5;101,7;101,6;100,5;100,0;99,4;100,0;100,0;100,7;101,5;101,5;101,8;102,7;103,6;104,3;105,2;106,1;107,6;108,2;110,0;108,7;109,4;110,9;110,9;113,6;115,2;116,6;120,2;121,4;121,9
010567055;IPLA-DEP95-M-CVS-2015;Val d'Oise - Maisons ;;;;;;;;;;;;;;;;;46,3;44,9;44,6;45,7;45,4;45,3;44,6;45,0;44,6;45,3;46,1;46,6;47,6;48,1;48,7;49,3;51,0;51,1;53,2;53,4;54,3;55,4;55,8;57,0;57,6;58,6;59,9;60,2;61,9;63,6;65,7;68,7;70,8;73,6;75,7;77,9;81,0;84,3;87,8;91,3;94,8;97,4;99,3;101,4;103,8;105,2;106,3;106,5;106,2;106,1;105,0;102,2;96,9;94,1;94,0;95,1;97,3;99,4;100,4;102,3;103,9;105,5;106,6;106,3;106,8;106,5;105,0;105,4;105,3;104,9;104,0;103,4;102,4;101,6;101,5;100,2;100,0;99,8;99,7;100,3;100,3;101,0;101,7;101,5;102,8;102,9;103,5;104,0;104,6;104,6;105,0;105,8;105,1;105,8;106,4;106,9;108,5;111,0;111,3;114,2;116,5;116,2
010567097;IPLA-REG11_PC-M-CVS-2015;Petite Couronne - Maisons ;45,6;44,8;45,0;44,2;44,1;43,7;44,2;44,7;44,8;45,4;44,2;44,7;44,0;42,0;42,4;41,5;42,8;42,6;42,1;42,1;41,4;41,9;41,2;41,7;41,7;42,6;42,5;42,6;44,3;44,5;46,4;47,4;49,1;49,3;50,6;51,0;51,8;54,0;54,3;54,5;54,9;55,9;57,7;58,5;59,2;61,5;63,3;66,4;68,6;71,1;73,5;76,8;79,1;82,0;84,5;87,8;91,1;93,0;95,6;96,4;100,1;100,0;101,1;102,3;102,4;102,2;101,6;98,4;93,0;90,1;90,4;91,1;94,5;96,6;97,4;100,1;102,6;104,7;107,2;107,0;106,2;105,7;104,3;105,0;104,9;104,7;103,1;102,9;102,5;101,8;101,9;100,7;99,9;99,4;100,3;99,9;100,9;101,4;101,5;102,0;102,6;103,7;104,8;105,4;105,9;107,9;108,7;110,5;109,6;109,7;111,4;111,4;114,0;115,8;116,7;120,3;121,9;122,3
010567085;IPLA-REG11_GC-M-CVS-2015;Grande Couronne - Maisons ;;;;;;;;;;;;;;;;;46,6;46,0;46,8;47,9;46,6;47,1;46,6;47,0;47,3;47,4;48,1;48,7;49,8;50,5;51,4;52,0;53,6;54,5;55,6;56,5;57,5;59,1;59,5;60,2;60,5;62,0;63,0;63,7;65,3;66,5;68,4;71,1;73,5;75,4;78,5;80,6;83,4;86,9;90,1;93,5;96,7;99,4;101,2;102,6;105,0;106,5;106,8;108,1;107,6;107,7;105,8;102,3;97,2;94,1;94,6;95,1;98,5;99,9;101,3;102,9;104,5;106,2;106,9;107,2;107,3;106,5;105,3;105,3;105,0;104,4;103,5;103,5;102,0;101,6;101,5;100,1;100,1;99,9;99,9;99,9;100,3;100,7;101,2;101,4;102,4;102,8;103,4;104,0;104,6;104,8;105,0;105,7;104,9;105,3;106,2;106,6;108,0;110,1;110,7;113,2;115,9;115,4
010567091;IPLA-REG11-M-CVS-2015;Ile-de-France - Maisons ;;;;;;;;;;;;;;;;;45,4;45,0;45,4;46,2;45,0;45,5;45,0;45,4;45,6;46,0;46,4;46,9;48,1;48,6;49,9;50,6;52,2;52,9;54,1;54,8;55,8;57,5;58,0;58,5;58,8;60,1;61,4;62,2;63,5;65,0;66,8;69,7;72,0;74,1;77,0;79,4;82,1;85,4;88,4;91,8;95,0;97,5;99,5;100,7;103,5;104,5;105,0;106,3;105,9;105,9;104,4;101,0;95,8;92,8;93,2;93,8;97,2;98,8;100,0;102,0;103,8;105,7;107,0;107,1;106,9;106,2;105,0;105,2;104,9;104,5;103,4;103,3;102,2;101,6;101,6;100,3;100,0;99,7;100,0;99,9;100,5;100,9;101,3;101,6;102,5;103,1;103,8;104,4;105,0;105,8;106,2;107,2;106,4;106,7;107,9;108,1;109,9;111,9;112,6;115,4;117,8;117,6
010567017;IPLA-DEP77-E-CVS-2015;Seine et Marne - Ensemble ;;;;;;;;;;;;;;;;;46,2;46,5;46,3;46,8;45,9;46,4;46,0;46,5;47,1;46,8;47,3;47,9;48,6;49,0;50,3;50,8;52,0;52,8;53,7;53,9;55,7;56,6;57,4;58,0;59,2;60,5;61,5;62,8;64,0;65,8;67,8;70,3;72,5;74,6;78,2;80,2;83,4;86,9;90,3;94,1;97,5;100,9;102,4;105,0;106,4;107,9;108,5;109,2;109,2;108,8;106,9;103,5;98,9;96,0;96,5;97,2;100,1;101,4;103,1;104,4;105,7;107,1;107,0;107,2;107,8;106,9;105,9;106,0;105,4;104,9;104,4;104,0;102,5;101,9;101,9;100,3;100,2;100,0;99,7;99,8;99,7;100,0;100,5;100,9;102,1;102,0;102,7;102,7;103,3;103,2;103,6;104,1;103,0;103,7;104,3;104,6;106,5;108,0;108,4;110,8;112,4;113,5
010567023;IPLA-DEP78-E-CVS-2015;Yvelines - Ensemble ;;;;;;;;;;;;;;;;;46,1;44,9;45,2;46,2;44,5;44,8;44,2;44,6;45,0;45,3;45,8;46,4;47,1;48,0;49,2;49,9;51,8;52,7;54,2;55,1;56,2;58,3;58,4;59,1;58,7;60,6;61,6;62,4;64,4;65,0;66,8;69,8;72,4;73,0;76,6;79,2;81,3;84,7;87,4;89,9;92,7;95,2;96,9;97,4;100,1;101,2;101,7;103,2;103,0;103,3;102,0;99,2;94,6;91,6;92,2;93,0;96,2;97,8;99,5;101,4;103,5;106,0;107,1;107,6;107,4;106,5;105,7;105,9;105,4;104,9;104,0;103,7;102,7;102,5;102,0;101,7;100,3;99,9;100,1;99,5;100,1;100,5;101,0;101,5;102,1;102,7;103,3;103,9;104,2;104,5;105,0;104,9;105,2;105,6;106,6;107,8;108,7;110,7;111,6;113,4;115,9;115,6
010567029;IPLA-DEP91-E-CVS-2015;Essonne - Ensemble ;;;;;;;;;;;;;;;;;47,5;47,4;48,2;48,8;46,8;47,3;47,1;46,9;47,1;47,0;47,4;47,8;48,9;49,3;50,0;50,1;51,5;52,8;52,5;53,9;54,1;55,0;55,9;57,0;57,2;58,4;59,3;60,5;62,3;63,9;65,3;67,4;70,3;72,8;76,1;78,4;81,8;85,5;89,1;92,9;96,1;99,2;101,0;102,5;104,0;105,7;104,8;107,3;107,5;107,2;105,5;102,4;97,9;95,2;95,6;96,4;99,5;100,8;102,4;103,8;105,5;107,2;107,9;108,0;108,2;107,1;106,2;106,4;105,6;105,2;104,5;104,0;102,9;102,4;101,8;100,4;100,4;99,8;99,8;99,8;99,8;100,4;100,7;100,9;102,0;102,2;102,4;102,8;103,5;103,5;104,2;104,4;103,9;104,1;105,3;106,0;107,4;109,4;109,9;112,0;114,0;114,2
010567035;IPLA-DEP92-E-CVS-2015;Hauts de Seine - Ensemble ;47,9;47,1;45,2;43,6;43,7;42,1;42,7;43,1;42,6;43,4;42,4;42,4;41,5;40,7;40,0;39,0;39,1;38,4;37,5;37,4;36,5;36,3;35,9;36,1;35,7;36,1;36,1;36,6;37,5;37,7;39,3;40,2;41,8;42,6;43,8;44,1;44,9;45,8;46,7;47,1;47,6;49,5;50,4;51,9;53,2;55,0;56,7;59,3;61,6;63,4;65,4;67,9;70,3;72,7;75,3;77,0;79,1;81,3;83,1;83,9;86,6;86,9;88,6;90,7;90,9;91,2;91,1;89,3;85,5;83,0;83,5;84,7;87,7;90,2;92,0;95,2;98,1;101,9;104,0;104,6;104,5;103,7;103,9;103,8;103,8;103,6;102,5;102,3;102,6;102,0;101,5;101,9;100,3;99,9;100,0;99,3;100,4;101,0;101,6;102,0;103,2;104,6;106,6;106,3;107,7;109,1;110,9;111,6;112,5;113,6;115,5;117,2;119,5;121,7;123,0;125,3;126,5;127,1
010567041;IPLA-DEP93-E-CVS-2015;Seine St Denis - Ensemble ;47,3;47,3;47,5;48,0;47,1;46,8;46,3;45,7;46,3;45,8;46,2;44,8;44,3;43,7;42,7;42,9;42,7;42,4;41,9;41,7;40,2;40,3;39,3;39,5;39,8;39,5;39,6;39,2;40,4;40,9;41,3;42,2;42,4;42,8;44,0;44,6;45,4;46,6;47,1;47,9;49,0;49,7;51,6;52,4;53,4;55,7;57,0;59,1;61,8;64,3;67,2;70,1;73,4;76,2;80,3;83,3;87,0;90,2;92,2;93,7;95,6;97,4;97,7;99,2;99,7;99,2;98,5;96,1;92,8;90,6;90,3;91,8;94,3;95,8;97,9;100,2;102,0;104,6;106,8;106,6;106,2;105,9;105,1;105,1;104,6;105,0;103,6;102,7;103,2;102,2;101,4;100,6;100,6;99,5;99,8;100,0;100,0;100,8;101,2;101,0;102,7;103,3;105,0;104,2;105,7;106,8;108,2;109,7;109,9;110,9;112,5;113,5;116,0;118,8;119,2;122,6;122,6;124,3
010567047;IPLA-DEP94-E-CVS-2015;Val de Marne - Ensemble ;46,1;46,8;46,1;45,1;45,1;44,4;44,7;44,7;44,9;45,3;44,9;44,1;43,9;42,0;41,8;41,2;41,0;40,7;40,5;40,5;39,7;39,4;38,9;39,0;38,8;39,3;39,0;39,1;40,1;40,1;41,4;42,3;43,1;43,8;44,9;45,7;46,2;47,8;48,6;49,1;50,0;51,0;52,5;53,4;55,0;57,0;58,3;61,5;63,1;65,9;68,9;71,1;73,6;77,2;80,0;82,8;86,6;87,7;90,1;91,5;93,1;94,5;95,3;96,3;96,6;96,4;95,8;93,9;89,9;87,6;88,0;89,1;92,0;93,9;95,6;98,6;100,6;103,6;105,5;105,4;105,4;104,8;104,4;104,5;104,2;104,3;103,0;102,9;102,9;102,2;101,6;101,1;100,4;99,8;99,8;99,8;100,2;101,0;101,4;101,7;103,0;103,8;105,2;105,0;106,0;107,0;108,1;109,5;109,6;110,6;112,3;113,2;115,7;118,1;119,0;122,4;123,2;123,7
010567053;IPLA-DEP95-E-CVS-2015;Val d'Oise - Ensemble ;;;;;;;;;;;;;;;;;45,5;44,2;43,7;44,4;43,7;43,7;43,2;43,6;43,1;43,7;44,1;44,5;45,2;45,5;46,3;46,7;48,5;48,4;50,1;50,2;51,2;52,5;52,9;54,0;54,7;55,6;56,9;57,5;59,1;60,8;63,2;65,5;67,9;70,9;73,3;76,0;79,1;82,5;86,0;89,9;93,4;96,3;98,1;100,1;102,5;103,6;104,7;105,6;105,8;105,6;104,4;101,9;97,1;94,7;94,7;96,0;98,1;99,9;101,1;103,0;104,7;106,3;107,3;106,9;107,3;106,7;105,7;106,1;105,9;105,5;104,6;104,0;103,1;102,4;102,1;100,7;100,3;100,0;99,7;100,0;100,0;100,5;101,1;101,3;102,4;102,3;102,7;103,1;103,4;103,5;104,1;104,5;104,1;104,7;105,6;106,3;107,9;110,2;110,6;113,2;114,8;115,1
010567095;IPLA-REG11_PC-E-CVS-2015;Petite Couronne - Ensemble ;47,1;47,0;45,8;44,9;44,8;43,7;44,0;44,0;44,0;44,3;43,9;43,3;42,7;41,6;41,0;40,4;40,3;39,8;39,2;39,2;38,1;38,0;37,4;37,6;37,4;37,7;37,6;37,8;38,8;39,0;40,3;41,2;42,2;42,9;44,1;44,6;45,3;46,5;47,2;47,7;48,5;49,8;51,2;52,3;53,7;55,6;57,1;59,7;62,0;64,2;66,7;69,2;71,7;74,6;77,6;79,9;82,8;84,9;86,9;88,1;90,2;91,2;92,3;94,0;94,3;94,3;93,9;92,0;88,2;85,8;86,2;87,3;90,2;92,4;94,2;97,2;99,6;102,9;105,0;105,3;105,1;104,5;104,3;104,3;104,1;104,1;102,8;102,5;102,8;102,1;101,5;101,4;100,4;99,8;99,9;99,6;100,3;101,0;101,5;101,7;103,1;104,1;105,9;105,5;106,8;108,1;109,6;110,7;111,2;112,3;114,0;115,4;117,8;120,1;121,1;123,9;124,8;125,6
010567083;IPLA-REG11_GC-E-CVS-2015;Grande Couronne - Ensemble ;;;;;;;;;;;;;;;;;46,3;45,6;45,8;46,5;45,1;45,4;45,0;45,3;45,5;45,7;46,1;46,6;47,4;48,0;49,0;49,5;51,1;51,8;52,9;53,6;54,6;56,0;56,5;57,3;57,6;59,0;60,1;61,0;62,7;64,0;65,9;68,5;71,0;72,8;76,2;78,6;81,4;84,9;88,1;91,5;94,6;97,5;99,2;100,7;102,8;104,2;104,5;105,9;105,9;105,8;104,4;101,4;96,8;94,0;94,4;95,3;98,2;99,7;101,3;102,9;104,7;106,6;107,3;107,4;107,6;106,8;105,9;106,1;105,6;105,1;104,3;103,9;102,8;102,3;101,9;100,9;100,3;99,9;99,9;99,7;99,9;100,3;100,9;101,2;102,2;102,3;102,9;103,2;103,7;103,8;104,3;104,5;104,2;104,6;105,6;106,3;107,8;109,7;110,3;112,5;114,4;114,7
010567089;IPLA-REG11_HP-E-CVS-2015;Ile-de-France hors Paris - Ensemble ;;;;;;;;;;;;;;;;;43,4;42,8;42,6;42,9;41,7;41,8;41,3;41,6;41,6;41,8;42,0;42,4;43,2;43,6;44,8;45,4;46,8;47,5;48,6;49,2;50,1;51,4;52,0;52,7;53,2;54,6;55,7;56,8;58,3;59,9;61,6;64,2;66,6;68,6;71,5;74,0;76,7;79,8;82,9;85,8;88,8;91,4;93,2;94,5;96,7;97,8;98,5;100,0;100,1;100,1;99,2;96,7;92,6;90,0;90,3;91,4;94,2;96,1;97,8;100,1;102,2;104,8;106,2;106,4;106,4;105,6;105,1;105,2;104,8;104,6;103,6;103,2;102,8;102,2;101,7;101,2;100,4;99,9;99,9;99,7;100,1;100,7;101,2;101,5;102,6;103,2;104,4;104,4;105,3;105,9;107,0;107,6;107,7;108,4;109,8;110,8;112,7;114,9;115,6;118,1;119,6;120,1
010567079;IPLA-REG11-E-CVS-2015;Ile-de-France - Ensemble ;;;;;;;;;;;;;;;;;39,2;38,7;38,4;38,6;37,4;37,5;36,9;37,1;37,2;37,4;37,6;38,0;39,0;39,4;40,6;41,3;42,8;43,6;44,6;45,3;46,3;47,2;48,0;48,7;49,2;50,4;51,8;52,9;54,4;56,0;57,5;59,6;61,8;63,9;66,2;68,6;71,1;73,8;76,7;79,2;81,7;84,0;85,7;87,1;89,1;90,3;91,4;93,3;93,8;94,3;93,8;91,7;88,2;85,6;85,9;87,1;90,0;92,3;94,5;97,6;100,7;104,2;105,6;106,0;105,7;105,6;105,1;104,9;104,7;104,3;103,5;103,1;102,8;102,3;101,5;100,9;100,2;99,8;100,0;100,0;100,4;101,2;101,9;102,6;103,9;105,2;106,6;107,4;108,2;109,3;110,6;111,6;112,2;113,4;114,9;116,5;118,6;120,8;121,6;123,6;124,2;124,3
;;;;;;;;;;;;;;;;;;;;;;;;;;;;;;;;;;;;;;;;;;;;;;;;;;;;;;;;;;;;;;;;;;;;;;;;;;;;;;;;;;;;;;;;;;;;;;;;;;;;;;;;;;;;;;;;;;;;;;;;
;;Provence-Alpes-Côte d'Azur - CVS;;;;;;;;;;;;;;;;;;;;;;;;;;;;;;;;;;;;;;;;;;;;;;;;;;;;;;;;;;;;;;;;;;;;;;;;;;;;;;;;;;;;;;;;;;;;;;;;;;;;;;;;;;;;;;;;;;;;;;
010567113;IPLA-REG93-E-CVS-2015;Provence-Alpes-Côte d'Azur - Ensemble ;;;;;;;;;;;;38,3;39,2;38,6;38,3;38,1;38,5;38,4;38,6;38,8;37,9;39,0;38,1;38,6;38,2;38,8;39,3;39,9;40,6;41,0;41,8;42,9;44,2;45,2;46,0;46,9;48,4;50,1;50,7;53,0;54,1;56,1;58,7;61,1;63,0;65,4;68,4;70,7;74,6;77,0;80,3;83,7;86,7;89,8;92,8;95,6;98,6;100,9;102,9;105,2;106,6;107,5;109,1;111,2;111,5;111,4;110,1;106,8;104,6;101,2;101,6;103,3;104,9;106,2;108,0;109,3;110,5;111,3;111,8;111,4;110,4;109,2;108,3;107,2;106,5;106,0;104,8;104,9;104,0;103,6;102,7;100,9;99,6;100,4;99,7;100,0;100,7;98,9;100,2;100,7;101,4;101,4;102,8;101,9;103,2;103,2;104,2;104,2;104,2;105,5;106,1;107,3;108,3;108,8;109,7;111,6;112,7;115,4
010567111;IPLA-REG93-A-CVS-2015;Provence-Alpes-Côte d'Azur - Appartements ;;;;;;;;;;;;39,8;40,2;39,7;38,9;38,6;38,8;38,4;38,5;38,5;37,9;38,6;36,7;36,9;36,3;36,7;37,1;37,6;38,2;38,5;39,2;40,0;41,1;41,7;42,3;43,2;44,5;46,1;46,7;49,2;50,1;51,8;54,4;56,9;58,4;61,2;64,1;66,1;70,9;73,3;77,1;79,8;83,4;86,6;89,7;92,9;95,9;98,5;100,3;102,8;104,3;105,2;106,7;108,3;109,2;109,3;108,0;105,8;102,5;100,4;101,3;102,1;103,7;105,3;106,3;107,5;108,2;110,2;110,8;110,6;110,4;109,0;107,7;106,8;106,1;104,2;104,4;104,4;103,6;102,9;102,2;101,0;100,2;100,3;99,9;99,5;99,2;99,0;99,2;100,1;100,4;100,5;101,8;100,9;102,0;101,6;102,9;102,8;103,5;104,3;104,6;106,1;107,6;108,1;108,9;110,1;111,1;113,2
010567115;IPLA-REG93-M-CVS-2015;Provence-Alpes-Côte d'Azur - Maisons ;;;;;;;;;;;;36,0;37,4;36,6;36,9;37,0;37,7;37,9;38,4;38,8;37,5;39,3;39,8;40,6;40,7;41,3;42,1;42,8;43,6;44,1;45,2;46,7;48,0;49,8;50,7;51,6;53,5;55,3;56,0;57,9;59,4;61,6;64,2;66,6;68,8;70,9;73,8;76,5;79,0;81,4;84,1;88,3;90,5;93,6;96,3;98,6;101,4;103,5;105,7;107,7;108,9;109,8;111,4;114,3;113,9;113,5;112,3;107,9;106,9;102,0;101,8;104,5;106,1;107,1;109,8;111,2;112,9;112,4;112,8;112,3;110,3;109,3;108,9;107,6;106,9;108,1;105,2;105,5;104,5;104,4;103,2;100,8;99,1;100,5;99,6;100,7;102,2;98,8;101,4;101,5;102,4;102,5;103,9;102,9;105,0;105,4;106,1;106,2;105,3;107,2;108,1;109,1;109,5;110,1;111,2;113,6;114,8;118,2
010567007;IPLA-A_13055-A-CVS-2015;Marseille - Appartements ;;;;;;;;;;;;36,0;36,2;36,9;36,7;36,6;38,4;37,6;37,9;38,5;36,1;38,8;36,6;37,4;36,3;36,6;37,6;38,0;39,3;39,8;40,6;41,1;42,1;43,1;44,2;44,1;46,1;48,3;49,4;52,3;54,1;55,8;57,9;61,9;62,9;65,8;70,2;72,9;78,0;82,4;86,1;87,4;94,0;97,9;101,7;104,2;108,5;111,9;113,6;116,3;117,1;116,9;117,7;117,3;117,0;116,3;114,2;110,5;105,9;104,0;106,9;107,5;107,3;112,8;114,4;113,7;115,1;117,2;116,3;116,1;113,5;112,6;111,4;111,4;110,9;106,4;107,9;106,2;106,7;104,3;101,9;102,5;100,1;101,0;99,4;99,9;97,1;98,3;98,5;97,3;102,2;100,3;101,1;102,6;103,9;101,9;104,7;105,0;104,0;104,8;106,5;108,7;112,0;*;*;115,2;117,3;119,3
;;;;;;;;;;;;;;;;;;;;;;;;;;;;;;;;;;;;;;;;;;;;;;;;;;;;;;;;;;;;;;;;;;;;;;;;;;;;;;;;;;;;;;;;;;;;;;;;;;;;;;;;;;;;;;;;;;;;;;;;
;;Auvergne-Rhône-alpes - CVS;;;;;;;;;;;;;;;;;;;;;;;;;;;;;;;;;;;;;;;;;;;;;;;;;;;;;;;;;;;;;;;;;;;;;;;;;;;;;;;;;;;;;;;;;;;;;;;;;;;;;;;;;;;;;;;;;;;;;;
010567131;IPLA-REG84-E-CVS-2015;Auvergne-Rhône-Alpes - Ensemble ;;;;;;;;;;;;;;;;;;;;;;;;;;;;;;;;;;;;;;;;;;;;;;;;;;;;;;;;;;;;;;;;;;;;;;;;;97,4;99,0;100,2;101,9;102,5;103,5;104,5;104,6;104,6;104,5;103,4;103,1;102,5;102,1;102,1;102,1;102,2;102,5;101,4;100,4;100,3;99,4;99,7;100,7;100,7;101,0;101,6;102,0;103,2;103,7;104,6;104,8;105,6;106,2;107,7;107,8;109,7;110,3;112,1;113,4;115,5;117,1;118,3;121,2;123,6;125,2
010567129;IPLA-REG84-A-CVS-2015;Auvergne-Rhône-Alpes - Appartements ;;;;;;;;;;;;;;;;;;;;;;;;;;;;;;;;;;;;;;;;;;;;;;;;;;;;;;;;;;;;;;;;;;;;;;;;;95,3;97,0;98,8;100,4;101,4;102,5;103,6;103,9;103,8;103,6;103,0;103,5;102,5;102,8;102,5;102,2;102,5;102,4;101,4;100,4;100,8;99,5;99,6;100,4;100,3;100,1;100,5;100,6;102,2;103,3;104,1;104,2;105,7;105,7;107,8;108,3;109,6;111,1;112,9;114,8;116,9;119,2;121,0;123,0;125,3;127,9
010567133;IPLA-REG84-M-CVS-2015;Auvergne-Rhône-Alpes - Maisons ;;;;;;;;;;;;;;;;;;;;;;;;;;;;;;;;;;;;;;;;;;;;;;;;;;;;;;;;;;;;;;;;;;;;;;;;;99,2;100,6;101,4;103,0;103,4;104,4;105,3;105,1;105,4;105,2;103,7;102,6;102,6;101,5;101,6;102,0;101,9;102,7;101,5;100,4;99,7;99,3;99,9;100,9;101,2;101,8;102,7;103,3;104,1;104,1;105,2;105,3;105,9;107,0;107,9;107,8;110,2;110,0;111,8;112,7;114,8;115,8;116,4;120,2;122,5;123,5
010567011;IPLA-A_69123-A-CVS-2015;Lyon - Appartements ;;;;;;;;;;;;34,5;34,0;32,4;33,5;32,1;32,0;31,5;31,8;32,0;31,5;31,6;30,5;30,1;29,4;30,0;30,3;30,8;31,4;31,6;32,4;33,1;33,9;34,3;35,2;35,3;36,8;37,7;37,8;38,3;39,1;39,7;41,3;42,8;45,0;46,8;49,6;52,2;54,2;57,7;60,4;64,0;65,7;69,3;71,4;73,1;76,1;79,1;80,4;82,3;83,3;83,5;84,2;86,3;85,3;85,0;84,0;80,5;79,7;78,4;80,1;81,3;84,5;87,1;89,0;91,5;93,6;96,1;97,9;97,2;98,6;99,0;99,6;101,2;99,7;101,3;99,6;100,9;101,0;101,2;100,2;99,4;100,6;98,8;100,4;100,5;101,6;102,3;103,4;104,0;105,5;109,2;111,4;114,1;116,5;117,5;121,4;123,2;127,5;130,8;133,5;137,6;140,5;145,2;148,8;150,3;152,4;153,7
;;;;;;;;;;;;;;;;;;;;;;;;;;;;;;;;;;;;;;;;;;;;;;;;;;;;;;;;;;;;;;;;;;;;;;;;;;;;;;;;;;;;;;;;;;;;;;;;;;;;;;;;;;;;;;;;;;;;;;;;
;;Rhône-alpes - CVS;;;;;;;;;;;;;;;;;;;;;;;;;;;;;;;;;;;;;;;;;;;;;;;;;;;;;;;;;;;;;;;;;;;;;;;;;;;;;;;;;;;;;;;;;;;;;;;;;;;;;;;;;;;;;;;;;;;;;;
010567107;IPLA-REG82-E-CVS-2015;Rhône-Alpes - Ensemble ;;;;;;;;;;;;39,0;39,4;38,7;38,9;39,3;39,6;39,6;40,1;39,9;39,2;40,3;39,8;40,2;39,5;40,4;40,2;40,9;42,1;42,6;43,7;44,5;45,7;46,5;47,7;48,4;49,5;50,5;51,6;52,4;53,6;55,3;56,5;58,5;60,0;61,9;64,6;67,1;70,0;73,1;75,6;79,2;82,6;85,4;88,7;90,9;94,3;96,6;98,9;100,7;101,4;102,3;102,7;104,4;103,8;102,6;101,1;97,4;94,3;92,5;93,3;94,5;96,6;98,1;99,6;101,3;102,1;103,3;104,2;104,2;104,0;104,0;103,1;102,7;102,9;102,0;102,0;102,0;102,3;102,3;101,2;100,3;100,2;99,4;99,7;100,7;100,8;101,0;101,7;101,9;103,0;103,4;104,5;105,0;106,0;106,4;108,0;108,2;110,2;111,0;112,9;114,4;116,5;118,4;119,4;122,6;124,7;126,7
010567105;IPLA-REG82-A-CVS-2015;Rhône-Alpes - Appartements ;;;;;;;;;;;;40,0;40,4;39,6;39,6;39,5;39,6;39,6;39,9;39,5;38,9;39,5;38,2;38,4;37,8;38,2;38,2;39,0;39,9;40,0;40,9;41,7;42,6;43,4;44,2;44,8;45,8;46,5;47,6;48,1;49,1;50,7;52,0;53,7;55,5;57,6;59,9;62,6;65,6;69,0;71,6;75,4;78,9;82,4;85,3;87,9;91,6;94,1;97,0;98,3;98,5;99,3;99,9;101,5;100,7;100,2;98,5;95,1;92,9;91,0;91,7;92,7;95,1;96,9;98,6;100,5;101,3;102,4;103,6;103,7;103,6;103,6;103,0;103,2;102,5;102,7;102,5;102,2;102,4;102,3;101,3;100,4;100,8;99,6;99,5;100,4;100,2;100,1;100,6;100,6;102,4;103,4;104,1;104,5;106,1;105,9;108,2;108,7;110,1;111,6;113,5;115,6;117,7;120,5;121,9;124,0;126,3;128,7
010567109;IPLA-REG82-M-CVS-2015;Rhône-Alpes - Maisons ;;;;;;;;;;;;36,9;37,4;36,9;37,4;38,3;39,0;39,1;39,8;40,0;39,1;41,0;41,6;42,4;41,6;42,9;42,6;43,3;44,6;45,8;47,2;48,0;49,5;50,5;52,1;53,0;54,2;55,6;56,8;58,0;59,3;61,1;62,3;64,5;65,7;67,4;70,5;72,7;75,4;78,0;80,3;83,6;87,0;88,7;92,3;94,1;96,9;99,0;100,3;102,9;104,2;105,3;105,4;107,0;106,8;104,8;103,6;99,6;95,5;93,8;94,9;96,1;97,9;99,3;100,4;102,0;102,7;104,2;104,7;104,6;104,3;104,3;103,1;102,1;103,2;101,2;101,5;101,7;102,1;102,3;101,1;100,2;99,5;99,3;99,9;101,0;101,4;101,9;102,8;103,3;103,7;103,5;104,9;105,6;106,1;107,2;108,1;108,1;110,7;110,8;112,6;113,5;115,7;116,8;117,5;121,5;123,7;125,2
;;;;;;;;;;;;;;;;;;;;;;;;;;;;;;;;;;;;;;;;;;;;;;;;;;;;;;;;;;;;;;;;;;;;;;;;;;;;;;;;;;;;;;;;;;;;;;;;;;;;;;;;;;;;;;;;;;;;;;;;
;;Hauts-de-France - CVS;;;;;;;;;;;;;;;;;;;;;;;;;;;;;;;;;;;;;;;;;;;;;;;;;;;;;;;;;;;;;;;;;;;;;;;;;;;;;;;;;;;;;;;;;;;;;;;;;;;;;;;;;;;;;;;;;;;;;;
010567125;IPLA-REG32-E-CVS-2015;Hauts-de-France - Ensemble ;;;;;;;;;;;;;;;;;;;;;;;;;;;;;;;;;;;;;;;;;;;;;;;;;;;;;;;;;;;;;;;;;;;;;;;;;101,8;103,3;104,7;106,1;107,4;108,5;108,5;108,2;107,2;107,3;106,6;105,8;105,8;103,6;103,9;104,0;103,2;102,5;101,4;99,9;100,3;99,7;100,0;99,9;99,8;99,8;100,7;101,1;101,7;102,1;102,5;102,6;102,7;103,2;103,9;104,4;104,6;105,2;106,5;106,5;108,8;110,7;111,2;114,0;114,7;116,2
010567123;IPLA-REG32-A-CVS-2015;Hauts-de-France - Appartements ;;;;;;;;;;;;;;;;;;;;;;;;;;;;;;;;;;;;;;;;;;;;;;;;;;;;;;;;;;;;;;;;;;;;;;;;;103,6;105,2;106,4;109,5;108,6;109,6;111,0;110,4;111,2;111,4;110,8;109,3;109,5;107,5;107,7;107,9;106,1;105,6;103,4;100,9;100,8;100,2;99,3;98,6;98,5;97,8;97,7;99,6;99,0;100,2;101,6;99,5;99,4;101,0;101,7;101,7;102,2;102,7;104,3;106,0;108,6;110,6;110,5;113,5;115,5;117,7
010567127;IPLA-REG32-M-CVS-2015;Hauts-de-France - Maisons ;;;;;;;;;;;;;;;;;;;;;;;;;;;;;;;;;;;;;;;;;;;;;;;;;;;;;;;;;;;;;;;;;;;;;;;;;101,3;102,8;104,2;105,4;107,1;108,2;108,0;107,7;106,4;106,5;105,7;105,1;105,1;102,9;103,1;103,3;102,7;101,8;101,0;99,6;100,2;99,6;100,1;100,2;100,1;100,2;101,2;101,4;102,1;102,4;102,6;103,2;103,3;103,6;104,3;105,0;105,1;105,7;106,9;106,6;108,9;110,8;111,5;114,2;114,7;116,0
010567009;IPLA-A_59350-M-CVS-2015;Agglomération de Lille - Maisons ;;;;;;;;;;;;;;;;;;;;;;;;;;;;;;;;;;;;;;;;;;;;;;;;;;;;;;;;;;;;;;;;99,5;100,1;100,1;98,6;95,4;91,8;89,8;89,6;92,0;92,9;94,9;96,9;97,5;99,5;102,6;102,2;102,3;103,1;101,8;101,4;101,5;101,3;101,0;100,6;101,4;101,2;101,1;100,0;98,2;100,1;97,6;100,9;100,3;100,0;100,9;102,0;102,1;102,3;102,5;103,1;105,6;104,6;106,7;108,2;110,0;109,4;110,7;110,9;111,0;114,6;116,8;119,4;122,7;122,2;124,3
;;;;;;;;;;;;;;;;;;;;;;;;;;;;;;;;;;;;;;;;;;;;;;;;;;;;;;;;;;;;;;;;;;;;;;;;;;;;;;;;;;;;;;;;;;;;;;;;;;;;;;;;;;;;;;;;;;;;;;;;
;;Nord-Pas-de-Calais - CVS;;;;;;;;;;;;;;;;;;;;;;;;;;;;;;;;;;;;;;;;;;;;;;;;;;;;;;;;;;;;;;;;;;;;;;;;;;;;;;;;;;;;;;;;;;;;;;;;;;;;;;;;;;;;;;;;;;;;;;
010567101;IPLA-REG31-E-CVS-2015;Nord-Pas-de-Calais - Ensemble ;;;;;;;;;;;;;;;;;;;;;;;;;;;;;;;;;;;;;;;;;;;;;;;;;;;;;;;;;;;;;;;;106,1;107,3;106,6;105,1;102,5;98,6;97,0;97,0;98,9;99,8;101,6;103,3;104,8;106,3;107,5;107,4;106,7;105,7;105,9;105,3;105,0;104,5;103,8;103,4;104,0;103,1;102,4;101,2;99,5;100,4;99,2;100,2;100,1;100,3;100,3;101,1;101,5;102,3;102,7;102,6;103,5;103,3;104,0;105,1;106,1;105,9;106,5;107,9;107,7;110,7;112,9;113,3;116,5;117,2;118,6
010567099;IPLA-REG31-A-CVS-2015;Nord-Pas-de-Calais - Appartements ;;;;;;;;;;;;;;;;;;;;;;;;;;;;;;;;;;;;;;;;;;;;;;;;;;;;;;;;;;;;;;;;105,5;105,8;105,1;104,4;100,8;97,5;98,8;98,2;100,9;102,6;104,3;105,8;109,6;108,7;109,3;110,1;110,6;110,7;111,5;111,3;108,8;109,2;107,6;107,5;108,4;106,7;105,8;102,9;100,9;100,7;100,6;99,8;98,9;99,0;98,7;98,7;100,8;101,1;101,6;102,8;101,8;100,7;102,2;103,6;103,9;104,1;104,5;106,4;108,5;111,8;113,3;113,7;116,5;119,1;121,4
010567103;IPLA-REG31-M-CVS-2015;Nord-Pas-de-Calais - Maisons ;;;;;;;;;;;;;;;;;;;;;;;;;;;;;;;;;;;;;;;;;;;;;;;;;;;;;;;;;;;;;;;;106,1;107,3;106,7;105,1;102,6;98,6;96,6;96,6;98,5;99,1;101,0;102,7;103,8;105,8;107,1;106,8;105,9;104,7;104,8;104,1;104,2;103,6;103,0;102,6;103,1;102,3;101,7;100,9;99,2;100,3;98,9;100,3;100,3;100,5;100,6;101,5;101,7;102,6;102,9;102,6;103,8;103,7;104,2;105,3;106,4;106,1;106,8;108,1;107,6;110,4;112,8;113,2;116,4;116,8;118,1
;;;;;;;;;;;;;;;;;;;;;;;;;;;;;;;;;;;;;;;;;;;;;;;;;;;;;;;;;;;;;;;;;;;;;;;;;;;;;;;;;;;;;;;;;;;;;;;;;;;;;;;;;;;;;;;;;;;;;;;;
;;Province - CVS;;;;;;;;;;;;;;;;;;;;;;;;;;;;;;;;;;;;;;;;;;;;;;;;;;;;;;;;;;;;;;;;;;;;;;;;;;;;;;;;;;;;;;;;;;;;;;;;;;;;;;;;;;;;;;;;;;;;;;
010567073;IPLA-PR-E-CVS-2015;Province - Ensemble;;;;;;;;;;;;41,0;41,3;40,9;41,6;41,7;42,1;42,5;42,7;43,4;42,5;43,6;43,4;44,1;43,8;44,4;44,8;45,4;46,5;47,1;48,1;49,1;50,2;51,1;52,1;52,9;54,0;55,2;56,1;57,2;58,4;59,9;61,7;63,5;65,1;67,2;69,3;71,6;74,6;77,2;80,1;83,3;86,4;89,5;92,6;95,4;98,3;100,6;102,8;104,8;105,9;107,1;108,2;109,6;110,0;109,2;107,7;104,4;101,2;99,4;99,5;100,5;102,0;103,3;104,5;106,2;106,9;107,9;108,3;107,8;107,4;106,7;106,0;105,2;104,6;103,8;103,2;103,2;102,7;102,7;101,9;100,4;100,2;99,9;99,9;100,2;100,4;100,2;101,0;101,2;102,5;103,0;103,7;103,9;104,9;105,5;106,6;107,1;107,6;108,6;109,8;110,9;112,6;114,3;115,3;118,1;119,8;122,3
010567063;IPLA-PR-A-CVS-2015;Province - Appartements;;;;;;;;;;;;42,6;42,6;42,2;42,4;41,9;42,1;42,2;42,2;42,4;41,9;42,0;40,9;41,2;41,0;41,4;41,8;42,2;42,9;43,3;44,1;44,9;45,7;46,4;47,3;47,8;48,9;50,0;50,5;51,8;52,8;54,3;56,2;58,0;59,7;62,0;64,4;66,6;70,3;73,0;76,2;79,5;82,5;86,1;89,0;92,1;95,3;97,6;100,0;101,9;102,7;103,6;104,8;106,3;106,7;106,4;104,8;102,3;99,5;98,0;98,3;99,3;101,0;102,4;103,9;105,4;106,1;107,2;108,0;108,0;107,8;107,2;106,1;105,8;105,0;104,3;104,1;104,0;103,6;103,2;102,2;100,9;100,6;99,9;99,9;99,8;99,6;99,5;99,6;100,2;101,6;102,3;103,1;103,3;104,0;104,3;105,8;106,1;107,0;108,2;109,4;111,3;113,4;115,3;116,6;118,7;120,5;123,1
010567075;IPLA-PR-M-CVS-2015;Province - Maisons;;;;;;;;;;;;39,4;39,9;39,6;40,6;41,0;41,7;42,3;42,7;43,6;42,5;44,3;44,9;45,8;45,5;46,2;46,6;47,3;48,8;49,5;50,6;51,7;53,1;54,0;55,2;56,1;57,3;58,6;59,6;60,7;62,0;63,4;65,2;67,0;68,5;70,4;72,3;74,6;77,1;79,5;82,2;85,3;88,4;91,2;94,3;96,8;99,5;101,9;103,8;105,9;107,2;108,6;109,6;110,9;111,3;110,3;108,9;105,2;101,9;100,0;99,9;100,9;102,4;103,6;104,7;106,4;107,2;108,1;108,4;107,7;107,1;106,5;105,9;104,9;104,4;103,6;102,7;102,8;102,2;102,4;101,7;100,2;100,0;99,9;100,0;100,4;100,9;100,6;101,6;101,7;103,0;103,3;104,0;104,2;105,3;106,1;107,0;107,6;107,9;108,8;110,1;110,8;112,3;113,9;114,7;117,8;119,5;122,0
010567065;IPLA-PRA+10000-A-CVS-2015;Agglomérations de + de 10 000 h. - Appartements;;;;;;;;;;;;42,6;42,6;42,1;42,3;41,9;42,1;42,0;42,0;42,3;41,9;42,0;40,8;41,1;40,8;41,3;41,7;42,1;42,8;43,2;44,0;44,8;45,6;46,3;47,2;47,7;48,9;49,9;50,5;51,8;52,8;54,3;56,2;58,0;59,7;62,0;64,5;66,7;70,5;73,2;76,3;79,4;82,6;86,0;89,0;92,2;95,2;97,5;99,7;101,6;102,6;103,4;104,7;106,0;106,6;106,2;104,6;102,2;99,3;97,7;98,2;99,2;100,8;102,2;103,8;105,3;106,2;107,2;108,0;108,0;107,9;107,5;106,3;106,0;105,2;104,4;104,3;104,2;103,7;103,2;102,3;100,9;100,6;99,9;99,8;99,8;99,7;99,5;99,7;100,3;101,5;102,4;103,2;103,5;104,3;104,6;106,2;106,4;107,4;108,6;109,9;111,9;113,9;116,0;117,3;119,4;121,3;123,7
010567071;IPLA-PRA+10000V-A-CVS-2015;Agglomérations de + de 10 000 h. - Villes centres - Appartements;;;;;;;;;;;;43,0;42,9;42,4;43,0;42,3;42,6;42,4;42,5;43,0;42,5;42,5;41,4;41,8;41,4;41,8;42,3;42,7;43,4;43,9;44,7;45,4;46,2;46,9;47,7;48,1;49,1;50,2;50,7;52,0;53,1;54,2;56,3;58,1;59,7;61,9;64,3;66,9;70,4;73,2;76,2;79,2;82,3;86,1;88,8;92,1;95,3;97,2;99,7;101,8;102,3;103,3;104,2;105,4;105,9;105,4;103,7;101,3;98,6;97,1;97,7;98,6;100,2;101,8;103,3;105,0;106,0;107,1;107,7;107,6;107,5;107,0;106,0;105,9;105,0;104,2;104,0;104,1;103,7;103,3;102,4;100,9;100,7;99,9;99,8;99,8;99,7;99,6;99,9;100,5;101,9;102,9;103,6;104,4;105,1;105,3;107,1;107,4;108,5;109,8;111,2;113,5;115,9;118,2;119,9;121,8;123,8;126,1
010567067;IPLA-PRA+10000B-A-CVS-2015;Agglomérations de + de 10 000 h. - Banlieues - Appartements;;;;;;;;;;;;41,7;41,9;41,4;40,9;41,0;40,9;41,0;41,1;40,8;40,5;40,9;39,5;39,9;39,5;40,2;40,5;40,8;41,5;41,7;42,5;43,4;44,4;45,2;46,1;46,8;48,2;49,2;50,0;51,5;52,3;54,2;56,0;57,9;59,6;62,1;64,7;66,3;70,4;73,1;76,4;79,7;82,9;85,8;89,3;92,1;95,0;97,8;99,6;101,2;102,9;103,3;105,3;107,0;107,5;107,7;106,0;103,7;100,6;98,8;98,9;100,1;101,7;102,8;104,5;105,8;106,3;107,5;108,6;108,8;108,7;108,3;106,8;106,1;105,7;104,8;104,8;104,3;103,5;103,0;102,0;101,0;100,4;100,0;99,9;99,9;99,8;99,3;99,3;100,1;101,0;101,5;102,6;101,7;102,8;103,1;104,4;104,6;105,5;106,4;107,7;108,9;110,5;112,2;112,8;115,2;117,0;119,6
010567069;IPLA-PRA-10000R-A-CVS-2015;Agglomération de - de 10 000 h et rural - Appartements;;;;;;;;;;;;42,5;42,6;42,4;42,6;42,2;42,8;43,9;44,0;43,8;41,7;42,2;41,3;41,7;42,3;42,3;42,6;43,1;44,1;44,1;44,8;46,0;46,2;47,1;48,5;48,1;49,0;50,4;50,8;51,4;52,6;54,0;55,4;57,1;58,7;60,9;62,7;64,5;68,3;69,9;74,0;79,2;81,9;85,8;88,6;90,1;95,6;97,8;102,5;104,2;102,7;105,0;106,3;108,2;107,9;107,5;106,3;103,6;101,1;100,0;99,9;100,8;102,4;103,4;104,5;105,7;105,7;106,7;107,7;107,4;106,8;105,3;104,2;104,1;102,7;102,7;102,4;102,6;103,1;102,8;101,9;100,6;100,6;99,9;100,2;99,7;98,8;99,4;99,3;99,5;101,8;101,3;101,6;102,0;101,7;101,9;102,7;103,0;103,0;104,1;105,0;106,2;108,1;109,2;110,4;112,4;113,8;117,1
;;;;;;;;;;;;;;;;;;;;;;;;;;;;;;;;;;;;;;;;;;;;;;;;;;;;;;;;;;;;;;;;;;;;;;;;;;;;;;;;;;;;;;;;;;;;;;;;;;;;;;;;;;;;;;;;;;;;;;;;
;;;;;;;;;;;;;;;;;;;;;;;;;;;;;;;;;;;;;;;;;;;;;;;;;;;;;;;;;;;;;;;;;;;;;;;;;;;;;;;;;;;;;;;;;;;;;;;;;;;;;;;;;;;;;;;;;;;;;;;;
Sources : Insee, ADSN-BIEN-Notaires du Grand Paris, Notaires de France - Perval.;;;;;;;;;;;;;;;;;;;;;;;;;;;;;;;;;;;;;;;;;;;;;;;;;;;;;;;;;;;;;;;;;;;;;;;;;;;;;;;;;;;;;;;;;;;;;;;;;;;;;;;;;;;;;;;;;;;;;;;;
base 100 = moyenne 2015.;;;;;;;;;;;;;;;;;;;;;;;;;;;;;;;;;;;;;;;;;;;;;;;;;;;;;;;;;;;;;;;;;;;;;;;;;;;;;;;;;;;;;;;;;;;;;;;;;;;;;;;;;;;;;;;;;;;;;;;;
Avertissements :;;;;;;;;;;;;;;;;;;;;;;;;;;;;;;;;;;;;;;;;;;;;;;;;;;;;;;;;;;;;;;;;;;;;;;;;;;;;;;;;;;;;;;;;;;;;;;;;;;;;;;;;;;;;;;;;;;;;;;;;
En raison de taux de couverture des données notariales trop faibles, les indices du deuxième et troisième trimestre 2020 pour la commune de Marseille ne sont pas publiées.;;;;;;;;;;;;;;;;;;;;;;;;;;;;;;;;;;;;;;;;;;;;;;;;;;;;;;;;;;;;;;;;;;;;;;;;;;;;;;;;;;;;;;;;;;;;;;;;;;;;;;;;;;;;;;;;;;;;;;;;
Pour les points listés ci-dessous, les taux de couverture des données notariales sont légèrement inférieurs au seuil fixé par le Conseil scientifique des indices notaires-Insee, ce qui peut affecter la précision des indices :;;;;;;;;;;;;;;;;;;;;;;;;;;;;;;;;;;;;;;;;;;;;;;;;;;;;;;;;;;;;;;;;;;;;;;;;;;;;;;;;;;;;;;;;;;;;;;;;;;;;;;;;;;;;;;;;;;;;;;;;
"- Indices des premier, deuxième et quatrième trimestres 2016, et indice du deuxième trimestre 2020 pour les régions Nord-Pas de Calais et Hauts-de-France ;";;;;;;;;;;;;;;;;;;;;;;;;;;;;;;;;;;;;;;;;;;;;;;;;;;;;;;;;;;;;;;;;;;;;;;;;;;;;;;;;;;;;;;;;;;;;;;;;;;;;;;;;;;;;;;;;;;;;;;;;
- Indice du deuxième trimestre 2020 pour la métropole de Lille, le département de l'Essonne et la région Provence-Alpes-Côte d'Azur.;;;;;;;;;;;;;;;;;;;;;;;;;;;;;;;;;;;;;;;;;;;;;;;;;;;;;;;;;;;;;;;;;;;;;;;;;;;;;;;;;;;;;;;;;;;;;;;;;;;;;;;;;;;;;;;;;;;;;;;;
